series_id,date,value
WALCL,2010-01-06,2235304
WALCL,2010-01-13,2291700
WALCL,2010-01-20,2251806
WALCL,2010-01-27,2246886
WALCL,2010-02-03,2249319
WALCL,2010-02-10,2256679
WALCL,2010-02-17,2277574
WALCL,2010-02-24,2286127
WALCL,2010-03-03,2280147
WALCL,2010-03-10,2282474
WALCL,2010-03-17,2307997
WALCL,2010-03-24,2313149
WALCL,2010-03-31,2307150
WALCL,2010-04-07,2307575
WALCL,2010-04-14,2339345
WALCL,2010-04-21,2337556
WALCL,2010-04-28,2330472
WALCL,2010-05-05,2326164
WALCL,2010-05-12,2336103
WALCL,2010-05-19,2350890
WALCL,2010-05-26,2334041
WALCL,2010-06-02,2336216
WALCL,2010-06-09,2331529
WALCL,2010-06-16,2344316
WALCL,2010-06-23,2344497
WALCL,2010-06-30,2330851
WALCL,2010-07-07,2332017
WALCL,2010-07-14,2340717
WALCL,2010-07-21,2332322
WALCL,2010-07-28,2325298
WALCL,2010-08-04,2326479
WALCL,2010-08-11,2327533
WALCL,2010-08-18,2313662
WALCL,2010-08-25,2301015
WALCL,2010-09-01,2301996
WALCL,2010-09-08,2305802
WALCL,2010-09-15,2296079
WALCL,2010-09-22,2307171
WALCL,2010-09-29,2298691
WALCL,2010-10-06,2308092
WALCL,2010-10-13,2309885
WALCL,2010-10-20,2305227
WALCL,2010-10-27,2295392
WALCL,2010-11-03,2300353
WALCL,2010-11-10,2312768
WALCL,2010-11-17,2314757
WALCL,2010-11-24,2346001
WALCL,2010-12-01,2346920
WALCL,2010-12-08,2382294
WALCL,2010-12-15,2385754
WALCL,2010-12-22,2427921
WALCL,2010-12-29,2420570
WALCL,2011-01-05,2436064
WALCL,2011-01-12,2468131
WALCL,2011-01-19,2425164
WALCL,2011-01-26,2443527
WALCL,2011-02-02,2469419
WALCL,2011-02-09,2500481
WALCL,2011-02-16,2508868
WALCL,2011-02-23,2533221
WALCL,2011-03-02,2545119
WALCL,2011-03-09,2577076
WALCL,2011-03-16,2583046
WALCL,2011-03-23,2601341
WALCL,2011-03-30,2622523
WALCL,2011-04-06,2648676
WALCL,2011-04-13,2665408
WALCL,2011-04-20,2685782
WALCL,2011-04-27,2690985
WALCL,2011-05-04,2718757
WALCL,2011-05-11,2744498
WALCL,2011-05-18,2758009
WALCL,2011-05-25,2774996
WALCL,2011-06-01,2788723
WALCL,2011-06-08,2811206
WALCL,2011-06-15,2827549
WALCL,2011-06-22,2856403
WALCL,2011-06-29,2865251
WALCL,2011-07-06,2870103
WALCL,2011-07-13,2878074
WALCL,2011-07-20,2871301
WALCL,2011-07-27,2863576
WALCL,2011-08-03,2867215
WALCL,2011-08-10,2872423
WALCL,2011-08-17,2857906
WALCL,2011-08-24,2859433
WALCL,2011-08-31,2853888
WALCL,2011-09-07,2858660
WALCL,2011-09-14,2863540
WALCL,2011-09-21,2857747
WALCL,2011-09-28,2850921
WALCL,2011-10-05,2859701
WALCL,2011-10-12,2860822
WALCL,2011-10-19,2852390
WALCL,2011-10-26,2845685
WALCL,2011-11-02,2822034
WALCL,2011-11-09,2839786
WALCL,2011-11-16,2831576
WALCL,2011-11-23,2821980
WALCL,2011-11-30,2814235
WALCL,2011-12-07,2820691
WALCL,2011-12-14,2902488
WALCL,2011-12-21,2916085
WALCL,2011-12-28,2926095
WALCL,2012-01-04,2917689
WALCL,2012-01-11,2899149
WALCL,2012-01-18,2919423
WALCL,2012-01-25,2919545
WALCL,2012-02-01,2924947
WALCL,2012-02-08,2928275
WALCL,2012-02-15,2937893
WALCL,2012-02-22,2932813
WALCL,2012-02-29,2925722
WALCL,2012-03-07,2884747
WALCL,2012-03-14,2893560
WALCL,2012-03-21,2892646
WALCL,2012-03-28,2878137
WALCL,2012-04-04,2865478
WALCL,2012-04-11,2867200
WALCL,2012-04-18,2875470
WALCL,2012-04-25,2866561
WALCL,2012-05-02,2864280
WALCL,2012-05-09,2864150
WALCL,2012-05-16,2850984
WALCL,2012-05-23,2859495
WALCL,2012-05-30,2842654
WALCL,2012-06-06,2852018
WALCL,2012-06-13,2869071
WALCL,2012-06-20,2870846
WALCL,2012-06-27,2863547
WALCL,2012-07-04,2865858
WALCL,2012-07-11,2866279
WALCL,2012-07-18,2855807
WALCL,2012-07-25,2846757
WALCL,2012-08-01,2851118
WALCL,2012-08-08,2856181
WALCL,2012-08-15,2833317
WALCL,2012-08-22,2825661
WALCL,2012-08-29,2812806
WALCL,2012-09-05,2822169
WALCL,2012-09-12,2823448
WALCL,2012-09-19,2821574
WALCL,2012-09-26,2804457
WALCL,2012-10-03,2808512
WALCL,2012-10-10,2811623
WALCL,2012-10-17,2846920
WALCL,2012-10-24,2840964
WALCL,2012-10-31,2823137
WALCL,2012-11-07,2830791
WALCL,2012-11-14,2877244
WALCL,2012-11-21,2871161
WALCL,2012-11-28,2851362
WALCL,2012-12-05,2859807
WALCL,2012-12-12,2917260
WALCL,2012-12-19,2920231
WALCL,2012-12-26,2907300
WALCL,2013-01-02,2917189
WALCL,2013-01-09,2928728
WALCL,2013-01-16,2963812
WALCL,2013-01-23,3011697
WALCL,2013-01-30,3008704
WALCL,2013-02-06,3014975
WALCL,2013-02-13,3074225
WALCL,2013-02-20,3095150
WALCL,2013-02-27,3090600
WALCL,2013-03-06,3108805
WALCL,2013-03-13,3165396
WALCL,2013-03-20,3206888
WALCL,2013-03-27,3202256
WALCL,2013-04-03,3215432
WALCL,2013-04-10,3227762
WALCL,2013-04-17,3295109
WALCL,2013-04-24,3318649
WALCL,2013-05-01,3317194
WALCL,2013-05-08,3324615
WALCL,2013-05-15,3354269
WALCL,2013-05-22,3398713
WALCL,2013-05-29,3385128
WALCL,2013-06-05,3400183
WALCL,2013-06-12,3410842
WALCL,2013-06-19,3470530
WALCL,2013-06-26,3478672
WALCL,2013-07-03,3492742
WALCL,2013-07-10,3504095
WALCL,2013-07-17,3537861
WALCL,2013-07-24,3574574
WALCL,2013-07-31,3571797
WALCL,2013-08-07,3585359
WALCL,2013-08-14,3646323
WALCL,2013-08-21,3645668
WALCL,2013-08-28,3644456
WALCL,2013-09-04,3654182
WALCL,2013-09-11,3662035
WALCL,2013-09-18,3722192
WALCL,2013-09-25,3734018
WALCL,2013-10-02,3747387
WALCL,2013-10-09,3758663
WALCL,2013-10-16,3813599
WALCL,2013-10-23,3839033
WALCL,2013-10-30,3843396
WALCL,2013-11-06,3851623
WALCL,2013-11-13,3907424
WALCL,2013-11-20,3906620
WALCL,2013-11-27,3925876
WALCL,2013-12-04,3932626
WALCL,2013-12-11,3993955
WALCL,2013-12-18,4008062
WALCL,2013-12-25,4032575
WALCL,2014-01-01,4023640
WALCL,2014-01-08,4028185
WALCL,2014-01-15,4071528
WALCL,2014-01-22,4097914
WALCL,2014-01-29,4102138
WALCL,2014-02-05,4109285
WALCL,2014-02-12,4119474
WALCL,2014-02-19,4149224
WALCL,2014-02-26,4159972
WALCL,2014-03-05,4171762
WALCL,2014-03-12,4181361
WALCL,2014-03-19,4222081
WALCL,2014-03-26,4226971
WALCL,2014-04-02,4236441
WALCL,2014-04-09,4244188
WALCL,2014-04-16,4283967
WALCL,2014-04-23,4296339
WALCL,2014-04-30,4296049
WALCL,2014-05-07,4303143
WALCL,2014-05-14,4336649
WALCL,2014-05-21,4327560
WALCL,2014-05-28,4322654
WALCL,2014-06-04,4330917
WALCL,2014-06-11,4340904
WALCL,2014-06-18,4368168
WALCL,2014-06-25,4368348
WALCL,2014-07-02,4377031
WALCL,2014-07-09,4383401
WALCL,2014-07-16,4398201
WALCL,2014-07-23,4410746
WALCL,2014-07-30,4406637
WALCL,2014-08-06,4410111
WALCL,2014-08-13,4431923
WALCL,2014-08-20,4412924
WALCL,2014-08-27,4413736
WALCL,2014-09-03,4415587
WALCL,2014-09-10,4421408
WALCL,2014-09-17,4449588
WALCL,2014-09-24,4459050
WALCL,2014-10-01,4450260
WALCL,2014-10-08,4455403
WALCL,2014-10-15,4474360
WALCL,2014-10-22,4481616
WALCL,2014-10-29,4486754
WALCL,2014-11-05,4486585
WALCL,2014-11-12,4488895
WALCL,2014-11-19,4492759
WALCL,2014-11-26,4485931
WALCL,2014-12-03,4486190
WALCL,2014-12-10,4488865
WALCL,2014-12-17,4502247
WALCL,2014-12-24,4509462
WALCL,2014-12-31,4497660
WALCL,2015-01-07,4499524
WALCL,2015-01-14,4516077
WALCL,2015-01-21,4512936
WALCL,2015-01-28,4500064
WALCL,2015-02-04,4500348
WALCL,2015-02-11,4501685
WALCL,2015-02-18,4496851
WALCL,2015-02-25,4486725
WALCL,2015-03-04,4487583
WALCL,2015-03-11,4489279
WALCL,2015-03-18,4495888
WALCL,2015-03-25,4480603
WALCL,2015-04-01,4481799
WALCL,2015-04-08,4483419
WALCL,2015-04-15,4485366
WALCL,2015-04-22,4489695
WALCL,2015-04-29,4471499
WALCL,2015-05-06,4472703
WALCL,2015-05-13,4501188
WALCL,2015-05-20,4480384
WALCL,2015-05-27,4463981
WALCL,2015-06-03,4465360
WALCL,2015-06-10,4468005
WALCL,2015-06-17,4487817
WALCL,2015-06-24,4495055
WALCL,2015-07-01,4479130
WALCL,2015-07-08,4481289
WALCL,2015-07-15,4493605
WALCL,2015-07-22,4500503
WALCL,2015-07-29,4485480
WALCL,2015-08-05,4486329
WALCL,2015-08-12,4489250
WALCL,2015-08-19,4487208
WALCL,2015-08-26,4475105
WALCL,2015-09-02,4475886
WALCL,2015-09-09,4478213
WALCL,2015-09-16,4487809
WALCL,2015-09-23,4497484
WALCL,2015-09-30,4484111
WALCL,2015-10-07,4486185
WALCL,2015-10-14,4504704
WALCL,2015-10-21,4501372
WALCL,2015-10-28,4489339
WALCL,2015-11-04,4489702
WALCL,2015-11-11,4492012
WALCL,2015-11-18,4486721
WALCL,2015-11-25,4477088
WALCL,2015-12-02,4478069
WALCL,2015-12-09,4480436
WALCL,2015-12-16,4489593
WALCL,2015-12-23,4496523
WALCL,2015-12-30,4486587
WALCL,2016-01-06,4486606
WALCL,2016-01-13,4501695
WALCL,2016-01-20,4488840
WALCL,2016-01-27,4482349
WALCL,2016-02-03,4483495
WALCL,2016-02-10,4486278
WALCL,2016-02-17,4483629
WALCL,2016-02-24,4489796
WALCL,2016-03-02,4478485
WALCL,2016-03-09,4481083
WALCL,2016-03-16,4486333
WALCL,2016-03-23,4492857
WALCL,2016-03-30,4482840
WALCL,2016-04-06,4484069
WALCL,2016-04-13,4499729
WALCL,2016-04-20,4490131
WALCL,2016-04-27,4474665
WALCL,2016-05-04,4477270
WALCL,2016-05-11,4478411
WALCL,2016-05-18,4473741
WALCL,2016-05-25,4461111
WALCL,2016-06-01,4461393
WALCL,2016-06-08,4463542
WALCL,2016-06-15,4472817
WALCL,2016-06-22,4482009
WALCL,2016-06-29,4466482
WALCL,2016-07-06,4470605
WALCL,2016-07-13,4472202
WALCL,2016-07-20,4480973
WALCL,2016-07-27,4464498
WALCL,2016-08-03,4466793
WALCL,2016-08-10,4468929
WALCL,2016-08-17,4466476
WALCL,2016-08-24,4473840
WALCL,2016-08-31,4457907
WALCL,2016-09-07,4459394
WALCL,2016-09-14,4481635
WALCL,2016-09-21,4473032
WALCL,2016-09-28,4452002
WALCL,2016-10-05,4459407
WALCL,2016-10-12,4457698
WALCL,2016-10-19,4467382
WALCL,2016-10-26,4454326
WALCL,2016-11-02,4453087
WALCL,2016-11-09,4455087
WALCL,2016-11-16,4453633
WALCL,2016-11-23,4465782
WALCL,2016-11-30,4446307
WALCL,2016-12-07,4448618
WALCL,2016-12-14,4470973
WALCL,2016-12-21,4469089
WALCL,2016-12-28,4451451
WALCL,2017-01-04,4453101
WALCL,2017-01-11,4452509
WALCL,2017-01-18,4460758
WALCL,2017-01-25,4452838
WALCL,2017-02-01,4453881
WALCL,2017-02-08,4456236
WALCL,2017-02-15,4454676
WALCL,2017-02-22,4468702
WALCL,2017-03-01,4458018
WALCL,2017-03-08,4459840
WALCL,2017-03-15,4469577
WALCL,2017-03-22,4478236
WALCL,2017-03-29,4469618
WALCL,2017-04-05,4474634
WALCL,2017-04-12,4484492
WALCL,2017-04-19,4479270
WALCL,2017-04-26,4470142
WALCL,2017-05-03,4471246
WALCL,2017-05-10,4473459
WALCL,2017-05-17,4467108
WALCL,2017-05-24,4470852
WALCL,2017-05-31,4459914
WALCL,2017-06-07,4462443
WALCL,2017-06-14,4476269
WALCL,2017-06-21,4474257
WALCL,2017-06-28,4463347
WALCL,2017-07-05,4467272
WALCL,2017-07-12,4466702
WALCL,2017-07-19,4476903
WALCL,2017-07-26,4465284
WALCL,2017-08-02,4466846
WALCL,2017-08-09,4469083
WALCL,2017-08-16,4462871
WALCL,2017-08-23,4463837
WALCL,2017-08-30,4452360
WALCL,2017-09-06,4453474
WALCL,2017-09-13,4471174
WALCL,2017-09-20,4458576
WALCL,2017-09-27,4455661
WALCL,2017-10-04,4460422
WALCL,2017-10-11,4459415
WALCL,2017-10-18,4469723
WALCL,2017-10-25,4461117
WALCL,2017-11-01,4455887
WALCL,2017-11-08,4458552
WALCL,2017-11-15,4448289
WALCL,2017-11-22,4450615
WALCL,2017-11-29,4438592
WALCL,2017-12-06,4437148
WALCL,2017-12-13,4452726
WALCL,2017-12-20,4447470
WALCL,2017-12-27,4448680
WALCL,2018-01-03,4443718
WALCL,2018-01-10,4446062
WALCL,2018-01-17,4439145
WALCL,2018-01-24,4441317
WALCL,2018-01-31,4419225
WALCL,2018-02-07,4420745
WALCL,2018-02-14,4434863
WALCL,2018-02-21,4411660
WALCL,2018-02-28,4393401
WALCL,2018-03-07,4396097
WALCL,2018-03-14,4407258
WALCL,2018-03-21,4401222
WALCL,2018-03-28,4392198
WALCL,2018-04-04,4386104
WALCL,2018-04-11,4383684
WALCL,2018-04-18,4385903
WALCL,2018-04-25,4372886
WALCL,2018-05-02,4356129
WALCL,2018-05-09,4358207
WALCL,2018-05-16,4337609
WALCL,2018-05-23,4337301
WALCL,2018-05-30,4327519
WALCL,2018-06-06,4319191
WALCL,2018-06-13,4324906
WALCL,2018-06-20,4315896
WALCL,2018-06-27,4305491.0
WALCL,2018-07-04,4289764.0
WALCL,2018-07-11,4291201.0
WALCL,2018-07-18,4291615.0
WALCL,2018-07-25,4277681.0
WALCL,2018-08-01,4255653.0
WALCL,2018-08-08,4258030.0
WALCL,2018-08-15,4228924.0
WALCL,2018-08-22,4228818.0
WALCL,2018-08-29,4218914.0
WALCL,2018-09-05,4208496.0
WALCL,2018-09-12,4210812.0
WALCL,2018-09-19,4208059.0
WALCL,2018-09-26,4192909.0
WALCL,2018-10-03,4174704.0
WALCL,2018-10-10,4176906.0
WALCL,2018-10-17,4175446.0
WALCL,2018-10-24,4173070.0
WALCL,2018-10-31,4139731.0
WALCL,2018-11-07,4141936.0
WALCL,2018-11-14,4145892.0
WALCL,2018-11-21,4106198.0
WALCL,2018-11-28,4097170.0
WALCL,2018-12-05,4086044.0
WALCL,2018-12-12,4088314.0
WALCL,2018-12-19,4084274.0
WALCL,2018-12-26,4075636.0
WALCL,2019-01-02,4058378.0
WALCL,2019-01-09,4056563.0
WALCL,2019-01-16,4050044.0
WALCL,2019-01-23,4047052.0
WALCL,2019-01-30,4039678.0
WALCL,2019-02-06,4026350.0
WALCL,2019-02-13,4028431.0
WALCL,2019-02-20,3981420.0
WALCL,2019-02-27,3974590.0
WALCL,2019-03-06,3969134.0
WALCL,2019-03-13,3971559.0
WALCL,2019-03-20,3962748.0
WALCL,2019-03-27,3955617.0
WALCL,2019-04-03,3935509.0
WALCL,2019-04-10,3936784.0
WALCL,2019-04-17,3931827.0
WALCL,2019-04-24,3928273.0
WALCL,2019-05-01,3889691.0
WALCL,2019-05-08,3892216.0
WALCL,2019-05-15,3864749.0
WALCL,2019-05-22,3860435.0
WALCL,2019-05-29,3851444.0
WALCL,2019-06-05,3847645.0
WALCL,2019-06-12,3849955.0
WALCL,2019-06-19,3844016.0
WALCL,2019-06-26,3826817.0
WALCL,2019-07-03,3813198.0
WALCL,2019-07-10,3815038.0
WALCL,2019-07-17,3808110.0
WALCL,2019-07-24,3803436.0
WALCL,2019-07-31,3779102.0
WALCL,2019-08-07,3781543.0
WALCL,2019-08-14,3786018.0
WALCL,2019-08-21,3764866.0
WALCL,2019-08-28,3759946.0
WALCL,2019-09-04,3761508.0
WALCL,2019-09-11,3769673.0
WALCL,2019-09-18,3844695.0
WALCL,2019-09-25,3857715.0
WALCL,2019-10-02,3945831.0
WALCL,2019-10-09,3949955.0
WALCL,2019-10-16,3966471.0
WALCL,2019-10-23,3968700.0
WALCL,2019-10-30,4019823.0
WALCL,2019-11-06,4039443.0
WALCL,2019-11-13,4047882.0
WALCL,2019-11-20,4030249.0
WALCL,2019-11-27,4052875.0
WALCL,2019-12-04,4065696.0
WALCL,2019-12-11,4095491.0
WALCL,2019-12-18,4137052.0
WALCL,2019-12-25,4165591.0
WALCL,2020-01-01,4173626.0
WALCL,2020-01-08,4149544.0
WALCL,2020-01-15,4175850.0
WALCL,2020-01-22,4145912.0
WALCL,2020-01-29,4151630.0
WALCL,2020-02-05,4166707.0
WALCL,2020-02-12,4182689.0
WALCL,2020-02-19,4171570.0
WALCL,2020-02-26,4158637.0
WALCL,2020-03-04,4241507.0
WALCL,2020-03-11,4311911.0
WALCL,2020-03-18,4668212.0
WALCL,2020-03-25,5254278.0
WALCL,2020-04-01,5811607.0
WALCL,2020-04-08,6083141.0
WALCL,2020-04-15,6367887.0
WALCL,2020-04-22,6573136.0
WALCL,2020-04-29,6655929.0
WALCL,2020-05-06,6721420.0
WALCL,2020-05-13,6934227.0
WALCL,2020-05-20,7037258.0
WALCL,2020-05-27,7097316.0
WALCL,2020-06-03,7165217.0
WALCL,2020-06-10,7168936.0
WALCL,2020-06-17,7094690.0
WALCL,2020-06-24,7082302.0
WALCL,2020-07-01,7009040.0
WALCL,2020-07-08,6920716.0
WALCL,2020-07-15,6958604.0
WALCL,2020-07-22,6964755.0
WALCL,2020-07-29,6949032.0
WALCL,2020-08-05,6945237.0
WALCL,2020-08-12,6957277.0
WALCL,2020-08-19,7010637.0
WALCL,2020-08-26,6990418.0
WALCL,2020-09-02,7017492.0
WALCL,2020-09-09,7010614.0
WALCL,2020-09-16,7064475.0
WALCL,2020-09-23,7093161.0
WALCL,2020-09-30,7056129.0
WALCL,2020-10-07,7074649.0
WALCL,2020-10-14,7151426.0
WALCL,2020-10-21,7177265.0
WALCL,2020-10-28,7146306.0
WALCL,2020-11-04,7157479.0
WALCL,2020-11-11,7175417.0
WALCL,2020-11-18,7243080.0
WALCL,2020-11-25,7216480.0
WALCL,2020-12-02,7222414.0
WALCL,2020-12-09,7242658.0
WALCL,2020-12-16,7362592.0
WALCL,2020-12-23,7404039.0
WALCL,2020-12-30,7363351.0
WALCL,2021-01-06,7334809.0
WALCL,2021-01-13,7333968.0
WALCL,2021-01-20,7414942.0
WALCL,2021-01-27,7404926.0
WALCL,2021-02-03,7410598.0
WALCL,2021-02-10,7442225.0
WALCL,2021-02-17,7557402.0
WALCL,2021-02-24,7590111.0
WALCL,2021-03-03,7557524.0
WALCL,2021-03-10,7579901.0
WALCL,2021-03-17,7693506.0
WALCL,2021-03-24,7719622.0
WALCL,2021-03-31,7688988.0
WALCL,2021-04-07,7708882.0
WALCL,2021-04-14,7793104.0
WALCL,2021-04-21,7820948.0
WALCL,2021-04-28,7780962.0
WALCL,2021-05-05,7810486.0
WALCL,2021-05-12,7830663.0
WALCL,2021-05-19,7922883.0
WALCL,2021-05-26,7903541.0
WALCL,2021-06-02,7935703.0
WALCL,2021-06-09,7952327.0
WALCL,2021-06-16,8064257.0
WALCL,2021-06-23,8101945.0
WALCL,2021-06-30,8078544.0
WALCL,2021-07-07,8097773.0
WALCL,2021-07-14,8201651.0
WALCL,2021-07-21,8240530.0
WALCL,2021-07-28,8221473.0
WALCL,2021-08-04,8235073.0
WALCL,2021-08-11,8257159.0
WALCL,2021-08-18,8342598.0
WALCL,2021-08-25,8332743.0
WALCL,2021-09-01,8349173.0
WALCL,2021-09-08,8357314.0
WALCL,2021-09-15,8448770.0
WALCL,2021-09-22,8489824.0
WALCL,2021-09-29,8447981.0
WALCL,2021-10-06,8464032.0
WALCL,2021-10-13,8480942.0
WALCL,2021-10-20,8564943.0
WALCL,2021-10-27,8556181.0
WALCL,2021-11-03,8574871.0
WALCL,2021-11-10,8663117.0
WALCL,2021-11-17,8674970.0
WALCL,2021-11-24,8681771.0
WALCL,2021-12-01,8650402.0
WALCL,2021-12-08,8664524.0
WALCL,2021-12-15,8756666.0
WALCL,2021-12-22,8790495.0
WALCL,2021-12-29,8757460.0
WALCL,2022-01-05,8765721.0
WALCL,2022-01-12,8788278.0
WALCL,2022-01-19,8867834.0
WALCL,2022-01-26,8860485.0
WALCL,2022-02-02,8873211.0
WALCL,2022-02-09,8878009.0
WALCL,2022-02-16,8911033.0
WALCL,2022-02-23,8928129.0
WALCL,2022-03-02,8904455.0
WALCL,2022-03-09,8910748.0
WALCL,2022-03-16,8954306.0
WALCL,2022-03-23,8962474.0
WALCL,2022-03-30,8937142.0
WALCL,2022-04-06,8937592.0
WALCL,2022-04-13,8965487.0
WALCL,2022-04-20,8955851.0
WALCL,2022-04-27,8939199.0
WALCL,2022-05-04,8939972.0
WALCL,2022-05-11,8942008.0
WALCL,2022-05-18,8945898.0
WALCL,2022-05-25,8914281.0
WALCL,2022-06-01,8915050.0
WALCL,2022-06-08,8918254.0
WALCL,2022-06-15,8932420.0
WALCL,2022-06-22,8934346.0
WALCL,2022-06-29,8913553.0
WALCL,2022-07-06,8891851.0
WALCL,2022-07-13,8895867.0
WALCL,2022-07-20,8899213.0
WALCL,2022-07-27,8890004.0
WALCL,2022-08-03,8874620.0
WALCL,2022-08-10,8879138.0
WALCL,2022-08-17,8849762.0
WALCL,2022-08-24,8851436.0
WALCL,2022-08-31,8826093.0
WALCL,2022-09-07,8822401.0
WALCL,2022-09-14,8832759.0
WALCL,2022-09-21,8816802.0
WALCL,2022-09-28,8795567.0
WALCL,2022-10-05,8759053.0
WALCL,2022-10-12,8758969.0
WALCL,2022-10-19,8743922.0
WALCL,2022-10-26,8723090.0
WALCL,2022-11-02,8676870.0
WALCL,2022-11-09,8678886.0
WALCL,2022-11-16,8625620.0
WALCL,2022-11-23,8621390.0
WALCL,2022-11-30,8584576.0
WALCL,2022-12-07,8582735.0
WALCL,2022-12-14,8583413.0
WALCL,2022-12-21,8564411.0
WALCL,2022-12-28,8551169.0
WALCL,2023-01-04,8507429.0
WALCL,2023-01-11,8508587.0
WALCL,2023-01-18,8489039.0
WALCL,2023-01-25,8470557.0
WALCL,2023-02-01,8433610.0
WALCL,2023-02-08,8435369.0
WALCL,2023-02-15,8384767.0
WALCL,2023-02-22,8382190.0
WALCL,2023-03-01,8339684.0
WALCL,2023-03-08,8342283.0
WALCL,2023-03-15,8639300.0
WALCL,2023-03-22,8733787.0
WALCL,2023-03-29,8705942.0
WALCL,2023-04-05,8632384.0
WALCL,2023-04-12,8614797.0
WALCL,2023-04-19,8593263.0
WALCL,2023-04-26,8562768.0
WALCL,2023-05-03,8503994.0
WALCL,2023-05-10,8503017.0
WALCL,2023-05-17,8456760.0
WALCL,2023-05-24,8436255.0
WALCL,2023-05-31,8385854.0
WALCL,2023-06-07,8389325.0
WALCL,2023-06-14,8388323.0
WALCL,2023-06-21,8362060.0
WALCL,2023-06-28,8340914.0
WALCL,2023-07-05,8298312.0
WALCL,2023-07-12,8296923.0
WALCL,2023-07-19,8274552.0
WALCL,2023-07-26,8243344.0
WALCL,2023-08-02,8206764.0
WALCL,2023-08-09,8208241.0
WALCL,2023-08-16,8145727.0
WALCL,2023-08-23,8139066.0
WALCL,2023-08-30,8121316.0
WALCL,2023-09-06,8101318.0
WALCL,2023-09-13,8098779.0
WALCL,2023-09-20,8024090.0
WALCL,2023-09-27,8002064.0
WALCL,2023-10-04,7955782.0
WALCL,2023-10-11,7952054.0
WALCL,2023-10-18,7933162.0
WALCL,2023-10-25,7907830.0
WALCL,2023-11-01,7866664.0
WALCL,2023-11-08,7860691.0
WALCL,2023-11-15,7814991.0
WALCL,2023-11-22,7810814.0
WALCL,2023-11-29,7796145.0
WALCL,2023-12-06,7737385.0
WALCL,2023-12-13,7739566.0
WALCL,2023-12-20,7724063.0
WALCL,2023-12-27,7712781.0
WALCL,2024-01-03,7681024.0
WALCL,2024-01-10,7686710.0
WALCL,2024-01-17,7673741.0
WALCL,2024-01-24,7677230.0
WALCL,2024-01-31,7630124.0
WALCL,2024-02-07,7631300.0
WALCL,2024-02-14,7633874.0
WALCL,2024-02-21,7581683.0
WALCL,2024-02-28,7567807.0
WALCL,2024-03-06,7538857.0
WALCL,2024-03-13,7541969.0
WALCL,2024-03-20,7514348.0
WALCL,2024-03-27,7484739.0
WALCL,2024-04-03,7439558.0
WALCL,2024-04-10,7438176.0
WALCL,2024-04-17,7405506.0
WALCL,2024-04-24,7402434.0
WALCL,2024-05-01,7362474.0
WALCL,2024-05-08,7353408.0
WALCL,2024-05-15,7304272.0
WALCL,2024-05-22,7299566.0
WALCL,2024-05-29,7284319.0
WALCL,2024-06-05,7255687.0
WALCL,2024-06-12,7258974.0
WALCL,2024-06-19,7252542.0
WALCL,2024-06-26,7231163.0
WALCL,2024-07-03,7221520.0
WALCL,2024-07-10,7224079.0
WALCL,2024-07-17,7208247.0
WALCL,2024-07-24,7205455.0
WALCL,2024-07-31,7178391.0
WALCL,2024-08-07,7175256.0
WALCL,2024-08-14,7177688.0
WALCL,2024-08-21,7139952.0
WALCL,2024-08-28,7123238.0
WALCL,2024-09-04,7112567.0
WALCL,2024-09-11,7115001.0
WALCL,2024-09-18,7109137.0
WALCL,2024-09-25,7080059.0
WALCL,2024-10-02,7046925.0
WALCL,2024-10-09,7046840.0
WALCL,2024-10-16,7039284.0
WALCL,2024-10-23,7029408.0
WALCL,2024-10-30,7013490.0
WALCL,2024-11-06,6994299.0
WALCL,2024-11-13,6967108.0
WALCL,2024-11-20,6923731.0
WALCL,2024-11-27,6905140.0
WALCL,2024-12-04,6895827.0
WALCL,2024-12-11,6897485.0
WALCL,2024-12-18,6889332.0
WALCL,2024-12-25,6885963.0
WALCL,2025-01-01,6852491.0
WALCL,2025-01-08,6853554.0
WALCL,2025-01-15,6834070.0
WALCL,2025-01-22,6831760.0
WALCL,2025-01-29,6818186.0
WALCL,2025-02-05,6810935.0
WALCL,2025-02-12,6813513.0
WALCL,2025-02-19,6782332.0
WALCL,2025-02-26,6766101.0
WALCL,2025-03-05,6756764.0
WALCL,2025-03-12,6759571.0
WALCL,2025-03-19,6755982.0
WALCL,2025-03-26,6740253.0
WALCL,2025-04-02,6723452.0
WALCL,2025-04-09,6727416.0
WALCL,2025-04-16,6727113.0
WALCL,2025-04-23,6726930.0
WALCL,2025-04-30,6709277.0
WALCL,2025-05-07,6710889.0
WALCL,2025-05-14,6713270.0
WALCL,2025-05-21,6688726.0
WALCL,2025-05-28,6673244.0
WALCL,2025-06-04,6672885.0
WALCL,2025-06-11,6677155.0
WALCL,2025-06-18,6681056.0
WALCL,2025-06-25,6662200.0
WALCL,2025-07-02,6659598.0
WALCL,2025-07-09,6661912.0
WALCL,2025-07-16,6659273.0
WALCL,2025-07-23,6657715.0
WALCL,2025-07-30,6642578.0
WALCL,2025-08-06,6640843.0
WALCL,2025-08-13,6643615.0
WALCL,2025-08-20,6618415.0
WALCL,2025-08-27,6603384.0
WALCL,2025-09-03,6602071.0
WALCL,2025-09-10,6605962.0
WALCL,2025-09-17,6608597.0
WALCL,2025-09-24,6608395.0
WALCL,2025-10-01,6587119.0
WALCL,2025-10-08,6590815.0
WALCL,2025-10-15,6596454.0
WALCL,2025-10-22,6589533.0
WALCL,2025-10-29,6587034.0
WALCL,2025-11-05,6572732.0
WALCL,2025-11-12,6580462
WALCL,2025-11-19,6555283
WALCL,2025-11-26,6552419
WALCL,2025-12-03,6535781
WALCL,2025-12-10,6539303
WALCL,2025-12-17,6556861
WALCL,2025-12-24,6581231
WALCL,2025-12-31,6640618
WALCL,2026-01-07,6573602
WALCL,2026-01-14,6581700
WALCL,2026-01-21,6584580
WALCL,2026-01-28,6587568
WALCL,2026-02-04,6605909
WALCL,2026-02-11,6622382
WALCL,2026-02-18,6613395
WALCL,2026-02-25,6613797
WALCL,2026-03-04,6628894
