date,cum_pnl
2010-06-08,0.000000
2010-06-09,0.000000
2010-06-10,0.000000
2010-06-11,0.000000
2010-06-13,0.000000
2010-06-14,0.000000
2010-06-15,0.000000
2010-06-16,0.000000
2010-06-17,0.000000
2010-06-18,0.000000
2010-06-20,0.000000
2010-06-21,0.000000
2010-06-22,0.000000
2010-06-23,0.000000
2010-06-24,0.000000
2010-06-25,0.000000
2010-06-27,0.000000
2010-06-28,0.000000
2010-06-29,0.000000
2010-06-30,0.000000
2010-07-01,0.000000
2010-07-02,0.000000
2010-07-04,0.000000
2010-07-05,0.000000
2010-07-06,0.000000
2010-07-07,0.000000
2010-07-08,0.000000
2010-07-09,0.000000
2010-07-11,0.000000
2010-07-12,0.000000
2010-07-13,0.000000
2010-07-14,0.000000
2010-07-15,0.000000
2010-07-16,0.000000
2010-07-18,0.000000
2010-07-19,0.000000
2010-07-20,0.000000
2010-07-21,0.000000
2010-07-22,0.000000
2010-07-23,0.000000
2010-07-25,0.000000
2010-07-26,0.000000
2010-07-27,0.000000
2010-07-28,0.000000
2010-07-29,0.000000
2010-07-30,0.000000
2010-08-01,0.000000
2010-08-02,0.000000
2010-08-03,0.000000
2010-08-04,0.000000
2010-08-05,0.000000
2010-08-06,0.000000
2010-08-08,0.000000
2010-08-09,0.000000
2010-08-10,0.000000
2010-08-11,0.000000
2010-08-12,0.000000
2010-08-13,0.000000
2010-08-15,0.000000
2010-08-16,0.000000
2010-08-17,0.000000
2010-08-18,0.000000
2010-08-19,0.000000
2010-08-20,0.000000
2010-08-22,0.000000
2010-08-23,0.000000
2010-08-24,0.000000
2010-08-25,0.000000
2010-08-26,0.000000
2010-08-27,0.000000
2010-08-29,0.000000
2010-08-30,0.000000
2010-08-31,0.000000
2010-09-01,0.000000
2010-09-02,0.000000
2010-09-03,0.000000
2010-09-05,0.000000
2010-09-06,0.000000
2010-09-07,0.000000
2010-09-08,0.000000
2010-09-09,0.000000
2010-09-10,0.000000
2010-09-12,0.000000
2010-09-13,0.000000
2010-09-14,0.000000
2010-09-15,0.000000
2010-09-16,0.000000
2010-09-17,0.000000
2010-09-19,0.000000
2010-09-20,0.000000
2010-09-21,0.000000
2010-09-22,0.000000
2010-09-23,0.000000
2010-09-24,0.000000
2010-09-26,0.000000
2010-09-27,0.000000
2010-09-28,0.000000
2010-09-29,0.000000
2010-09-30,0.000000
2010-10-01,0.008658
2010-10-03,0.008658
2010-10-04,-0.000000
2010-10-05,0.008658
2010-10-06,0.008658
2010-10-07,0.017242
2010-10-08,0.017242
2010-10-10,0.017242
2010-10-11,0.008731
2010-10-12,0.017242
2010-10-13,0.017242
2010-10-14,0.017242
2010-10-15,0.017242
2010-10-17,0.025681
2010-10-18,0.025681
2010-10-19,0.017242
2010-10-20,0.025681
2010-10-21,0.025681
2010-10-22,0.025681
2010-10-24,0.025681
2010-10-25,0.025681
2010-10-26,0.017242
2010-10-27,0.017242
2010-10-28,0.025681
2010-10-29,0.034049
2010-10-31,0.034049
2010-11-01,0.034049
2010-11-02,0.034049
2010-11-03,0.025681
2010-11-04,0.025681
2010-11-05,0.025681
2010-11-07,0.025681
2010-11-08,0.025681
2010-11-09,0.017242
2010-11-10,0.008731
2010-11-11,0.008731
2010-11-12,0.008731
2010-11-14,0.008731
2010-11-15,0.000147
2010-11-16,0.000147
2010-11-17,0.000147
2010-11-18,0.000147
2010-11-19,0.000147
2010-11-21,0.000147
2010-11-22,0.000147
2010-11-23,0.000147
2010-11-24,0.000147
2010-11-25,0.000147
2010-11-26,0.000147
2010-11-28,0.000147
2010-11-29,0.000147
2010-11-30,0.000147
2010-12-01,0.000147
2010-12-02,0.000147
2010-12-03,0.000147
2010-12-05,0.000147
2010-12-06,0.000147
2010-12-07,0.000147
2010-12-08,0.008881
2010-12-09,0.008881
2010-12-10,0.008881
2010-12-12,0.008881
2010-12-13,0.008881
2010-12-14,0.008881
2010-12-15,0.017615
2010-12-16,0.008881
2010-12-17,0.008881
2010-12-19,0.008881
2010-12-20,0.008881
2010-12-21,0.008881
2010-12-22,0.008881
2010-12-23,0.000223
2010-12-26,0.000223
2010-12-27,-0.008361
2010-12-28,-0.008361
2010-12-29,-0.016871
2010-12-30,-0.016871
2010-12-31,-0.025310
2011-01-02,-0.025310
2011-01-03,-0.016871
2011-01-04,-0.016871
2011-01-05,0.000223
2011-01-06,0.000223
2011-01-07,0.000223
2011-01-09,0.000223
2011-01-10,0.000223
2011-01-11,0.000223
2011-01-12,0.000223
2011-01-13,0.000223
2011-01-14,0.000223
2011-01-16,0.000223
2011-01-17,0.000223
2011-01-18,0.000223
2011-01-19,0.000223
2011-01-20,0.000223
2011-01-21,0.000223
2011-01-23,0.000223
2011-01-24,0.000223
2011-01-25,0.000223
2011-01-26,0.000223
2011-01-27,0.000223
2011-01-28,0.000223
2011-01-30,0.000223
2011-01-31,0.000223
2011-02-01,0.000223
2011-02-02,0.000223
2011-02-03,0.000223
2011-02-04,-0.008288
2011-02-06,-0.008288
2011-02-07,-0.008288
2011-02-08,-0.008288
2011-02-09,-0.008288
2011-02-10,-0.016871
2011-02-11,-0.016871
2011-02-13,-0.025530
2011-02-14,-0.016871
2011-02-15,-0.025530
2011-02-16,-0.025530
2011-02-17,-0.016871
2011-02-18,-0.016871
2011-02-20,-0.016871
2011-02-21,-0.016871
2011-02-22,-0.016871
2011-02-23,-0.016871
2011-02-24,-0.016871
2011-02-25,-0.016871
2011-02-27,-0.016871
2011-02-28,-0.016871
2011-03-01,-0.016871
2011-03-02,-0.016871
2011-03-03,-0.025382
2011-03-04,-0.025382
2011-03-06,-0.025382
2011-03-07,-0.025382
2011-03-08,-0.033966
2011-03-09,-0.033966
2011-03-10,-0.033966
2011-03-11,-0.033966
2011-03-13,-0.033966
2011-03-14,-0.033966
2011-03-15,-0.033966
2011-03-16,-0.033966
2011-03-17,-0.041871
2011-03-18,-0.057871
2011-03-20,-0.057871
2011-03-21,-0.057871
2011-03-22,-0.057871
2011-03-23,-0.057871
2011-03-24,-0.057871
2011-03-25,-0.065969
2011-03-27,-0.065969
2011-03-28,-0.065969
2011-03-29,-0.074132
2011-03-30,-0.082362
2011-03-31,-0.090661
2011-04-01,-0.099029
2011-04-03,-0.099029
2011-04-04,-0.099029
2011-04-05,-0.107468
2011-04-06,-0.115979
2011-04-07,-0.107468
2011-04-08,-0.107468
2011-04-10,-0.107468
2011-04-11,-0.099029
2011-04-12,-0.090661
2011-04-13,-0.090661
2011-04-14,-0.090661
2011-04-15,-0.082362
2011-04-17,-0.082362
2011-04-18,-0.074132
2011-04-19,-0.082362
2011-04-20,-0.074132
2011-04-21,-0.065969
2011-04-24,-0.074132
2011-04-25,-0.065969
2011-04-26,-0.065969
2011-04-27,-0.074132
2011-04-28,-0.065969
2011-04-29,-0.057871
2011-05-01,-0.065969
2011-05-02,-0.065969
2011-05-03,-0.057871
2011-05-04,-0.057871
2011-05-05,-0.049839
2011-05-06,-0.057871
2011-05-08,-0.057871
2011-05-09,-0.049839
2011-05-10,-0.057871
2011-05-11,-0.057871
2011-05-12,-0.057871
2011-05-13,-0.057871
2011-05-15,-0.057871
2011-05-16,-0.057871
2011-05-17,-0.065969
2011-05-18,-0.065969
2011-05-19,-0.065969
2011-05-20,-0.065969
2011-05-22,-0.065969
2011-05-23,-0.074132
2011-05-24,-0.074132
2011-05-25,-0.074132
2011-05-26,-0.057871
2011-05-27,-0.057871
2011-05-29,-0.057871
2011-05-30,-0.057871
2011-05-31,-0.057871
2011-06-01,-0.057871
2011-06-02,-0.057871
2011-06-03,-0.049839
2011-06-05,-0.049839
2011-06-06,-0.049839
2011-06-07,-0.049839
2011-06-08,-0.041871
2011-06-09,-0.049839
2011-06-10,-0.049839
2011-06-12,-0.049839
2011-06-13,-0.049839
2011-06-14,-0.049839
2011-06-15,-0.057871
2011-06-16,-0.057871
2011-06-17,-0.049839
2011-06-19,-0.049839
2011-06-20,-0.049839
2011-06-21,-0.049839
2011-06-22,-0.049839
2011-06-23,-0.049839
2011-06-24,-0.049839
2011-06-26,-0.049839
2011-06-27,-0.057871
2011-06-28,-0.057871
2011-06-29,-0.057871
2011-06-30,-0.057871
2011-07-01,-0.057871
2011-07-03,-0.057871
2011-07-04,-0.057871
2011-07-05,-0.057871
2011-07-06,-0.057871
2011-07-07,-0.065969
2011-07-08,-0.057871
2011-07-10,-0.057871
2011-07-11,-0.049839
2011-07-12,-0.041871
2011-07-13,-0.033966
2011-07-14,-0.033966
2011-07-15,-0.033966
2011-07-17,-0.033966
2011-07-18,-0.033966
2011-07-19,-0.033966
2011-07-20,-0.033966
2011-07-21,-0.026123
2011-07-22,-0.026123
2011-07-24,-0.026123
2011-07-25,-0.026123
2011-07-26,-0.018341
2011-07-27,-0.018341
2011-07-28,-0.018341
2011-07-29,-0.002956
2011-07-31,-0.010619
2011-08-01,-0.018341
2011-08-02,-0.010619
2011-08-03,-0.010619
2011-08-04,-0.057871
2011-08-05,-0.049839
2011-08-07,-0.049839
2011-08-08,-0.041871
2011-08-09,-0.033966
2011-08-10,-0.033966
2011-08-11,-0.033966
2011-08-12,-0.026123
2011-08-14,-0.033966
2011-08-15,-0.033966
2011-08-16,-0.033966
2011-08-17,-0.026123
2011-08-18,-0.026123
2011-08-19,-0.026123
2011-08-21,-0.033966
2011-08-22,-0.033966
2011-08-23,-0.026123
2011-08-24,-0.033966
2011-08-25,-0.041871
2011-08-26,-0.026123
2011-08-28,-0.033966
2011-08-29,-0.033966
2011-08-30,-0.033966
2011-08-31,-0.033966
2011-09-01,-0.033966
2011-09-02,-0.033966
2011-09-04,-0.033966
2011-09-05,-0.033966
2011-09-06,-0.041871
2011-09-07,-0.041871
2011-09-08,-0.041871
2011-09-09,-0.041871
2011-09-11,-0.041871
2011-09-12,-0.033966
2011-09-13,-0.033966
2011-09-14,-0.033966
2011-09-15,-0.033966
2011-09-16,-0.026123
2011-09-18,-0.033966
2011-09-19,-0.026123
2011-09-20,-0.026123
2011-09-21,-0.026123
2011-09-22,-0.026123
2011-09-23,-0.026123
2011-09-25,-0.026123
2011-09-26,-0.026123
2011-09-27,-0.026123
2011-09-28,-0.026123
2011-09-29,-0.026123
2011-09-30,-0.033966
2011-10-02,-0.033966
2011-10-03,-0.026123
2011-10-04,-0.033966
2011-10-05,-0.033966
2011-10-06,-0.033966
2011-10-07,-0.033966
2011-10-09,-0.033966
2011-10-10,-0.033966
2011-10-11,-0.033966
2011-10-12,-0.033966
2011-10-13,-0.033966
2011-10-14,-0.033966
2011-10-16,-0.033966
2011-10-17,-0.033966
2011-10-18,-0.033966
2011-10-19,-0.033966
2011-10-20,-0.033966
2011-10-21,-0.026123
2011-10-23,-0.026123
2011-10-24,-0.026123
2011-10-25,-0.018341
2011-10-26,-0.026123
2011-10-27,-0.026123
2011-10-28,-0.026123
2011-10-30,-0.026123
2011-10-31,-0.090145
2011-11-01,-0.090145
2011-11-02,-0.090145
2011-11-03,-0.090145
2011-11-04,-0.090145
2011-11-06,-0.090145
2011-11-07,-0.090145
2011-11-08,-0.098375
2011-11-09,-0.090145
2011-11-10,-0.098375
2011-11-11,-0.106538
2011-11-13,-0.098375
2011-11-14,-0.106538
2011-11-15,-0.106538
2011-11-16,-0.106538
2011-11-17,-0.106538
2011-11-18,-0.106538
2011-11-20,-0.106538
2011-11-21,-0.106538
2011-11-22,-0.106538
2011-11-23,-0.098375
2011-11-24,-0.098375
2011-11-25,-0.090145
2011-11-27,-0.098375
2011-11-28,-0.090145
2011-11-29,-0.090145
2011-11-30,-0.098375
2011-12-01,-0.090145
2011-12-02,-0.090145
2011-12-04,-0.090145
2011-12-05,-0.090145
2011-12-06,-0.090145
2011-12-07,-0.098375
2011-12-08,-0.098375
2011-12-09,-0.098375
2011-12-11,-0.098375
2011-12-12,-0.090145
2011-12-13,-0.090145
2011-12-14,-0.090145
2011-12-15,-0.090145
2011-12-16,-0.090145
2011-12-18,-0.090145
2011-12-19,-0.090145
2011-12-20,-0.090145
2011-12-21,-0.090145
2011-12-22,-0.090145
2011-12-23,-0.090145
2011-12-27,-0.090145
2011-12-28,-0.090145
2011-12-29,-0.098375
2011-12-30,-0.114636
2012-01-03,-0.122668
2012-01-04,-0.122668
2012-01-05,-0.114636
2012-01-06,-0.114636
2012-01-08,-0.114636
2012-01-09,-0.114636
2012-01-10,-0.114636
2012-01-11,-0.114636
2012-01-12,-0.114636
2012-01-13,-0.114636
2012-01-15,-0.114636
2012-01-16,-0.114636
2012-01-17,-0.114636
2012-01-18,-0.114636
2012-01-19,-0.114636
2012-01-20,-0.114636
2012-01-22,-0.114636
2012-01-23,-0.114636
2012-01-24,-0.122733
2012-01-25,-0.122733
2012-01-26,-0.122733
2012-01-27,-0.106603
2012-01-29,-0.114636
2012-01-30,-0.106603
2012-01-31,-0.106603
2012-02-01,-0.106603
2012-02-02,-0.106603
2012-02-03,-0.106603
2012-02-05,-0.106603
2012-02-06,-0.106603
2012-02-07,-0.114636
2012-02-08,-0.114636
2012-02-09,-0.122733
2012-02-10,-0.122733
2012-02-12,-0.122733
2012-02-13,-0.122733
2012-02-14,-0.130896
2012-02-15,-0.130896
2012-02-16,-0.139127
2012-02-17,-0.147425
2012-02-19,-0.155794
2012-02-20,-0.147425
2012-02-21,-0.155794
2012-02-22,-0.155794
2012-02-23,-0.155794
2012-02-24,-0.138844
2012-02-26,-0.138844
2012-02-27,-0.147355
2012-02-28,-0.147355
2012-02-29,-0.138844
2012-03-01,-0.138844
2012-03-02,-0.130260
2012-03-04,-0.138844
2012-03-05,-0.138844
2012-03-06,-0.147355
2012-03-07,-0.138844
2012-03-08,-0.138844
2012-03-09,-0.138844
2012-03-11,-0.130260
2012-03-12,-0.121602
2012-03-13,-0.121602
2012-03-14,-0.104058
2012-03-15,-0.112869
2012-03-16,-0.112869
2012-03-18,-0.112869
2012-03-19,-0.112869
2012-03-20,-0.112869
2012-03-21,-0.112869
2012-03-22,-0.121602
2012-03-23,-0.130260
2012-03-25,-0.121602
2012-03-26,-0.121602
2012-03-27,-0.121602
2012-03-28,-0.121602
2012-03-29,-0.130260
2012-03-30,-0.121602
2012-04-01,-0.121602
2012-04-02,-0.138844
2012-04-03,-0.121602
2012-04-04,-0.121602
2012-04-05,-0.130260
2012-04-06,-0.138844
2012-04-08,-0.138844
2012-04-09,-0.138844
2012-04-10,-0.147355
2012-04-11,-0.147355
2012-04-12,-0.147355
2012-04-13,-0.147355
2012-04-15,-0.147355
2012-04-16,-0.155794
2012-04-17,-0.147355
2012-04-18,-0.138844
2012-04-19,-0.138844
2012-04-20,-0.138844
2012-04-22,-0.138844
2012-04-23,-0.138844
2012-04-24,-0.138844
2012-04-25,-0.138844
2012-04-26,-0.138844
2012-04-27,-0.155794
2012-04-29,-0.155794
2012-04-30,-0.155794
2012-05-01,-0.155794
2012-05-02,-0.155794
2012-05-03,-0.155794
2012-05-04,-0.155794
2012-05-06,-0.155794
2012-05-07,-0.155794
2012-05-08,-0.155794
2012-05-09,-0.155794
2012-05-10,-0.155794
2012-05-11,-0.155794
2012-05-13,-0.155794
2012-05-14,-0.155794
2012-05-15,-0.155794
2012-05-16,-0.155794
2012-05-17,-0.147425
2012-05-18,-0.139127
2012-05-20,-0.147425
2012-05-21,-0.147425
2012-05-22,-0.155794
2012-05-23,-0.147425
2012-05-24,-0.147425
2012-05-25,-0.147425
2012-05-27,-0.147425
2012-05-28,-0.147425
2012-05-29,-0.147425
2012-05-30,-0.139127
2012-05-31,-0.139127
2012-06-01,-0.130896
2012-06-03,-0.130896
2012-06-04,-0.130896
2012-06-05,-0.139127
2012-06-06,-0.147425
2012-06-07,-0.147425
2012-06-08,-0.147425
2012-06-10,-0.147425
2012-06-11,-0.147425
2012-06-12,-0.147425
2012-06-13,-0.147425
2012-06-14,-0.147425
2012-06-15,-0.147425
2012-06-17,-0.139127
2012-06-18,-0.139127
2012-06-19,-0.139127
2012-06-20,-0.147425
2012-06-21,-0.155794
2012-06-22,-0.155794
2012-06-24,-0.164233
2012-06-25,-0.147425
2012-06-26,-0.147425
2012-06-27,-0.147425
2012-06-28,-0.147425
2012-06-29,-0.147425
2012-07-01,-0.155794
2012-07-02,-0.147425
2012-07-03,-0.155794
2012-07-04,-0.155794
2012-07-05,-0.155794
2012-07-06,-0.147425
2012-07-08,-0.147425
2012-07-09,-0.147425
2012-07-10,-0.147425
2012-07-11,-0.147425
2012-07-12,-0.147425
2012-07-13,-0.147425
2012-07-15,-0.147425
2012-07-16,-0.139127
2012-07-17,-0.139127
2012-07-18,-0.139127
2012-07-19,-0.139127
2012-07-20,-0.130896
2012-07-22,-0.130896
2012-07-23,-0.130896
2012-07-24,-0.130896
2012-07-25,-0.130896
2012-07-26,-0.130896
2012-07-27,-0.130896
2012-07-29,-0.130896
2012-07-30,-0.130896
2012-07-31,-0.130896
2012-08-01,-0.130896
2012-08-02,-0.130896
2012-08-03,-0.130896
2012-08-05,-0.139127
2012-08-06,-0.130896
2012-08-07,-0.139127
2012-08-08,-0.130896
2012-08-09,-0.139127
2012-08-10,-0.130896
2012-08-12,-0.130896
2012-08-13,-0.130896
2012-08-14,-0.130896
2012-08-15,-0.130896
2012-08-16,-0.139195
2012-08-17,-0.139195
2012-08-19,-0.139195
2012-08-20,-0.139195
2012-08-21,-0.139195
2012-08-22,-0.130896
2012-08-23,-0.130896
2012-08-24,-0.130896
2012-08-26,-0.130896
2012-08-27,-0.130896
2012-08-28,-0.130896
2012-08-29,-0.130896
2012-08-30,-0.130896
2012-08-31,-0.122666
2012-09-02,-0.122666
2012-09-03,-0.122666
2012-09-04,-0.122666
2012-09-05,-0.122666
2012-09-06,-0.130896
2012-09-07,-0.130896
2012-09-09,-0.122666
2012-09-10,-0.122666
2012-09-11,-0.114502
2012-09-12,-0.114502
2012-09-13,-0.114502
2012-09-14,-0.114502
2012-09-16,-0.122666
2012-09-17,-0.122666
2012-09-18,-0.130896
2012-09-19,-0.122666
2012-09-20,-0.122666
2012-09-21,-0.122666
2012-09-23,-0.122666
2012-09-24,-0.114502
2012-09-25,-0.114502
2012-09-26,-0.114502
2012-09-27,-0.114502
2012-09-28,-0.114502
2012-09-30,-0.122666
2012-10-01,-0.122666
2012-10-02,-0.122666
2012-10-03,-0.122666
2012-10-04,-0.122666
2012-10-05,-0.130896
2012-10-07,-0.130896
2012-10-08,-0.122666
2012-10-09,-0.122666
2012-10-10,-0.122666
2012-10-11,-0.122666
2012-10-12,-0.122666
2012-10-14,-0.122666
2012-10-15,-0.130896
2012-10-16,-0.130896
2012-10-17,-0.130896
2012-10-18,-0.139195
2012-10-19,-0.139195
2012-10-21,-0.139195
2012-10-22,-0.139195
2012-10-23,-0.139195
2012-10-24,-0.139195
2012-10-25,-0.139195
2012-10-26,-0.139195
2012-10-28,-0.139195
2012-10-29,-0.130756
2012-10-30,-0.130756
2012-10-31,-0.130756
2012-11-01,-0.130756
2012-11-02,-0.122245
2012-11-04,-0.122245
2012-11-05,-0.130756
2012-11-06,-0.130756
2012-11-07,-0.130756
2012-11-08,-0.139195
2012-11-09,-0.139195
2012-11-11,-0.139195
2012-11-12,-0.139195
2012-11-13,-0.139195
2012-11-14,-0.130756
2012-11-15,-0.113662
2012-11-16,-0.113662
2012-11-18,-0.113662
2012-11-19,-0.113662
2012-11-20,-0.105004
2012-11-21,-0.096270
2012-11-22,-0.096270
2012-11-23,-0.096270
2012-11-25,-0.096270
2012-11-26,-0.105004
2012-11-27,-0.105004
2012-11-28,-0.105004
2012-11-29,-0.105004
2012-11-30,-0.096270
2012-12-02,-0.096270
2012-12-03,-0.105004
2012-12-04,-0.105004
2012-12-05,-0.096270
2012-12-06,-0.096270
2012-12-07,-0.096270
2012-12-09,-0.096270
2012-12-10,-0.096270
2012-12-11,-0.096270
2012-12-12,-0.087459
2012-12-13,-0.078570
2012-12-14,-0.087459
2012-12-16,-0.087459
2012-12-17,-0.087459
2012-12-18,-0.078570
2012-12-19,-0.078570
2012-12-20,-0.069602
2012-12-21,-0.078570
2012-12-23,-0.069602
2012-12-24,-0.069602
2012-12-26,-0.060552
2012-12-27,-0.051419
2012-12-28,-0.051419
2012-12-30,-0.051419
2012-12-31,-0.042203
2013-01-02,-0.042203
2013-01-03,-0.032900
2013-01-04,-0.023511
2013-01-06,-0.023511
2013-01-07,-0.042203
2013-01-08,-0.042203
2013-01-09,-0.023511
2013-01-10,-0.014032
2013-01-11,-0.014032
2013-01-13,-0.014032
2013-01-14,-0.014032
2013-01-15,-0.023511
2013-01-16,-0.023511
2013-01-17,-0.004462
2013-01-18,-0.004462
2013-01-21,-0.014032
2013-01-22,-0.023511
2013-01-23,-0.023511
2013-01-24,0.005200
2013-01-25,0.005200
2013-01-27,0.005200
2013-01-28,-0.004462
2013-01-29,0.005200
2013-01-30,0.005200
2013-01-31,0.014956
2013-02-01,0.024808
2013-02-03,0.024808
2013-02-04,0.024808
2013-02-05,0.034758
2013-02-06,0.034758
2013-02-07,0.034758
2013-02-08,0.024808
2013-02-10,0.024808
2013-02-11,0.044809
2013-02-12,0.034758
2013-02-13,0.034758
2013-02-14,0.024808
2013-02-15,0.034758
2013-02-18,0.034758
2013-02-19,0.034758
2013-02-20,0.034758
2013-02-21,0.034758
2013-02-22,0.034758
2013-02-24,0.044809
2013-02-25,0.024808
2013-02-26,0.014956
2013-02-27,0.024808
2013-02-28,0.024808
2013-03-01,0.024808
2013-03-03,0.034758
2013-03-04,0.034758
2013-03-05,0.034758
2013-03-06,0.044809
2013-03-07,0.054961
2013-03-08,0.065218
2013-03-10,0.065218
2013-03-11,0.075580
2013-03-12,0.065218
2013-03-13,0.065218
2013-03-14,0.065218
2013-03-15,0.065218
2013-03-17,0.054961
2013-03-18,0.054961
2013-03-19,0.054961
2013-03-20,0.065218
2013-03-21,0.054961
2013-03-22,0.044809
2013-03-24,0.054961
2013-03-25,0.044809
2013-03-26,0.044809
2013-03-27,0.044809
2013-03-28,0.044809
2013-03-31,0.044809
2013-04-01,0.034758
2013-04-02,0.034758
2013-04-03,0.024808
2013-04-04,0.107329
2013-04-05,0.118140
2013-04-07,0.140119
2013-04-08,0.140119
2013-04-09,0.140119
2013-04-10,0.151292
2013-04-11,0.151292
2013-04-12,0.129069
2013-04-14,0.129069
2013-04-15,0.118140
2013-04-16,0.129069
2013-04-17,0.129069
2013-04-18,0.129069
2013-04-19,0.151292
2013-04-21,0.151292
2013-04-22,0.140119
2013-04-23,0.151292
2013-04-24,0.140119
2013-04-25,0.140119
2013-04-26,0.129069
2013-04-28,0.129069
2013-04-29,0.129069
2013-04-30,0.118140
2013-05-01,0.118140
2013-05-02,0.129069
2013-05-03,0.140119
2013-05-05,0.140119
2013-05-06,0.140119
2013-05-07,0.140119
2013-05-08,0.140119
2013-05-09,0.162592
2013-05-10,0.174020
2013-05-12,0.174020
2013-05-13,0.174020
2013-05-14,0.174020
2013-05-15,0.174020
2013-05-16,0.174020
2013-05-17,0.185581
2013-05-19,0.185581
2013-05-20,0.174020
2013-05-21,0.174020
2013-05-22,0.185581
2013-05-23,0.174020
2013-05-24,0.174020
2013-05-27,0.162592
2013-05-28,0.174020
2013-05-29,0.162592
2013-05-30,0.162592
2013-05-31,0.162592
2013-06-02,0.162592
2013-06-03,0.151292
2013-06-04,0.151292
2013-06-05,0.140119
2013-06-06,0.118140
2013-06-07,0.118140
2013-06-09,0.129069
2013-06-10,0.140119
2013-06-11,0.107329
2013-06-12,0.096634
2013-06-13,0.096634
2013-06-14,0.096634
2013-06-16,0.086052
2013-06-17,0.086052
2013-06-18,0.086052
2013-06-19,0.086052
2013-06-20,0.086052
2013-06-21,0.086052
2013-06-23,0.086052
2013-06-24,0.086052
2013-06-25,0.086052
2013-06-26,0.086052
2013-06-27,0.086052
2013-06-28,0.086052
2013-06-30,0.086052
2013-07-01,0.086052
2013-07-02,0.086052
2013-07-03,0.086052
2013-07-04,0.086052
2013-07-05,0.086052
2013-07-07,0.086052
2013-07-08,0.086052
2013-07-09,0.086052
2013-07-10,0.063579
2013-07-11,0.063579
2013-07-12,0.063579
2013-07-14,0.063579
2013-07-15,0.074752
2013-07-16,0.063579
2013-07-17,0.063579
2013-07-18,0.063579
2013-07-19,0.063579
2013-07-21,0.063579
2013-07-22,0.063579
2013-07-23,0.063579
2013-07-24,0.063579
2013-07-25,0.063579
2013-07-26,0.063579
2013-07-28,0.063579
2013-07-29,0.063579
2013-07-30,0.063579
2013-07-31,0.063579
2013-08-01,0.063579
2013-08-02,0.063579
2013-08-04,0.063579
2013-08-05,0.074629
2013-08-06,0.085558
2013-08-07,0.096369
2013-08-08,0.085558
2013-08-09,0.096369
2013-08-11,0.096369
2013-08-12,0.085558
2013-08-13,0.074629
2013-08-14,0.074629
2013-08-15,0.085558
2013-08-16,0.085558
2013-08-18,0.074629
2013-08-19,0.074629
2013-08-20,0.085558
2013-08-21,0.085558
2013-08-22,0.085558
2013-08-23,0.085558
2013-08-25,0.085558
2013-08-26,0.085558
2013-08-27,0.085558
2013-08-28,0.085558
2013-08-29,0.085558
2013-08-30,0.085558
2013-09-02,0.085558
2013-09-03,0.085558
2013-09-04,0.085558
2013-09-05,0.085558
2013-09-06,0.096731
2013-09-08,0.085558
2013-09-09,0.085558
2013-09-10,0.085558
2013-09-11,0.085558
2013-09-12,0.085558
2013-09-13,0.085558
2013-09-15,0.085558
2013-09-16,0.085558
2013-09-17,0.085558
2013-09-18,0.085558
2013-09-19,0.085558
2013-09-20,0.085558
2013-09-22,0.085558
2013-09-23,0.085558
2013-09-24,0.085558
2013-09-25,0.085558
2013-09-26,0.085558
2013-09-27,0.085558
2013-09-29,0.085558
2013-09-30,0.085558
2013-10-01,0.085558
2013-10-02,0.085558
2013-10-03,0.085558
2013-10-04,0.085558
2013-10-06,0.085558
2013-10-07,0.085558
2013-10-08,0.085558
2013-10-09,0.085558
2013-10-10,0.074629
2013-10-11,0.063579
2013-10-13,0.074629
2013-10-14,0.063579
2013-10-15,0.063579
2013-10-16,0.063579
2013-10-17,0.063579
2013-10-18,0.063579
2013-10-20,0.063579
2013-10-21,0.063579
2013-10-22,0.063579
2013-10-23,0.063579
2013-10-24,0.063579
2013-10-25,0.063579
2013-10-27,0.063579
2013-10-28,0.063579
2013-10-29,0.063579
2013-10-30,0.063579
2013-10-31,0.063579
2013-11-01,0.052529
2013-11-03,0.052529
2013-11-04,0.052529
2013-11-05,0.063579
2013-11-06,0.052529
2013-11-07,0.052529
2013-11-08,0.052529
2013-11-10,0.052529
2013-11-11,0.052529
2013-11-12,0.041356
2013-11-13,0.052529
2013-11-14,0.041356
2013-11-15,0.041356
2013-11-17,0.041356
2013-11-18,0.041356
2013-11-19,0.041356
2013-11-20,0.041356
2013-11-21,0.041356
2013-11-22,0.041356
2013-11-24,0.041356
2013-11-25,0.041356
2013-11-26,0.041356
2013-11-27,0.041356
2013-11-28,0.052784
2013-11-29,0.052784
2013-12-01,0.052784
2013-12-02,0.064345
2013-12-03,0.052784
2013-12-04,0.052784
2013-12-05,0.052784
2013-12-06,0.052784
2013-12-08,0.064345
2013-12-09,0.064345
2013-12-10,0.064345
2013-12-11,0.064345
2013-12-12,0.064345
2013-12-13,0.064345
2013-12-15,0.064345
2013-12-16,0.064345
2013-12-17,0.064345
2013-12-18,0.076041
2013-12-19,0.076041
2013-12-20,0.076041
2013-12-22,0.076041
2013-12-23,0.076041
2013-12-24,0.076041
2013-12-26,0.087876
2013-12-27,0.087876
2013-12-29,0.087876
2013-12-30,0.087876
2013-12-31,0.087876
2014-01-02,0.087876
2014-01-03,0.087876
2014-01-05,0.087876
2014-01-06,0.076041
2014-01-07,0.087876
2014-01-08,0.087876
2014-01-09,0.087876
2014-01-10,0.076041
2014-01-12,0.076041
2014-01-13,0.064345
2014-01-14,0.076041
2014-01-15,0.076041
2014-01-16,0.076041
2014-01-17,0.076041
2014-01-20,0.076041
2014-01-21,0.076041
2014-01-22,0.076041
2014-01-23,0.064345
2014-01-24,0.052784
2014-01-26,0.052784
2014-01-27,0.064345
2014-01-28,0.064345
2014-01-29,0.052784
2014-01-30,0.064345
2014-01-31,0.052784
2014-02-02,0.052784
2014-02-03,0.041356
2014-02-04,0.052784
2014-02-05,0.041356
2014-02-06,0.052784
2014-02-07,0.052784
2014-02-09,0.052784
2014-02-10,0.052784
2014-02-11,0.052784
2014-02-12,0.052784
2014-02-13,0.052784
2014-02-14,0.052784
2014-02-17,0.052784
2014-02-18,0.052784
2014-02-19,0.052784
2014-02-20,0.052784
2014-02-21,0.052784
2014-02-23,0.041224
2014-02-24,0.052784
2014-02-25,0.052784
2014-02-26,0.052784
2014-02-27,0.052784
2014-02-28,0.052784
2014-03-02,0.064213
2014-03-03,0.064213
2014-03-04,0.052784
2014-03-05,0.052784
2014-03-06,0.041224
2014-03-07,0.041224
2014-03-09,0.041224
2014-03-10,0.041224
2014-03-11,0.041224
2014-03-12,0.041224
2014-03-13,0.052784
2014-03-14,0.052784
2014-03-16,0.064213
2014-03-17,0.064213
2014-03-18,0.064213
2014-03-19,0.052784
2014-03-20,0.052784
2014-03-21,0.052784
2014-03-23,0.052784
2014-03-24,0.052784
2014-03-25,0.052784
2014-03-26,0.052784
2014-03-27,0.052784
2014-03-28,0.041224
2014-03-30,0.041224
2014-03-31,0.041224
2014-04-01,0.029528
2014-04-02,0.029528
2014-04-03,0.029528
2014-04-04,0.041224
2014-04-06,0.041224
2014-04-07,0.041224
2014-04-08,0.041224
2014-04-09,0.041224
2014-04-10,0.041224
2014-04-11,0.041224
2014-04-13,0.052652
2014-04-14,0.052652
2014-04-15,0.052652
2014-04-16,0.052652
2014-04-17,0.052652
2014-04-20,0.052652
2014-04-21,0.052652
2014-04-22,0.052652
2014-04-23,0.064213
2014-04-24,0.064213
2014-04-25,0.064213
2014-04-27,0.064213
2014-04-28,0.064213
2014-04-29,0.064213
2014-04-30,0.075774
2014-05-01,0.075774
2014-05-02,0.075774
2014-05-04,0.075774
2014-05-05,0.075774
2014-05-06,0.075774
2014-05-07,0.075774
2014-05-08,0.075774
2014-05-09,0.075774
2014-05-11,0.075774
2014-05-12,0.075774
2014-05-13,0.075774
2014-05-14,0.075774
2014-05-15,0.087203
2014-05-16,0.075774
2014-05-18,0.075774
2014-05-19,0.087203
2014-05-20,0.087203
2014-05-21,0.087203
2014-05-22,0.075774
2014-05-23,0.075774
2014-05-25,0.075774
2014-05-26,0.075774
2014-05-27,0.075774
2014-05-28,0.075774
2014-05-29,0.075774
2014-05-30,0.075774
2014-06-01,0.075774
2014-06-02,0.075774
2014-06-03,0.064213
2014-06-04,0.064213
2014-06-05,0.075774
2014-06-06,0.075774
2014-06-08,0.064213
2014-06-09,0.075774
2014-06-10,0.075774
2014-06-11,0.075774
2014-06-15,0.075774
2014-06-16,0.075774
2014-06-17,0.075774
2014-06-18,0.075774
2014-06-19,0.075774
2014-06-20,0.075774
2014-06-22,0.075774
2014-06-23,0.075774
2014-06-24,0.075774
2014-06-25,0.075774
2014-06-26,0.075774
2014-06-27,0.075774
2014-06-29,0.075774
2014-06-30,0.075774
2014-07-01,0.064345
2014-07-02,0.064345
2014-07-03,0.064345
2014-07-04,0.064345
2014-07-06,0.064345
2014-07-07,0.064345
2014-07-08,0.075774
2014-07-09,0.064345
2014-07-10,0.075774
2014-07-11,0.075774
2014-07-13,0.075774
2014-07-14,0.064345
2014-07-15,0.064345
2014-07-16,0.064345
2014-07-17,0.075774
2014-07-18,0.075774
2014-07-20,0.075774
2014-07-21,0.075774
2014-07-22,0.075774
2014-07-23,0.064345
2014-07-24,0.064345
2014-07-25,0.064345
2014-07-27,0.064345
2014-07-28,0.064345
2014-07-29,0.064345
2014-07-30,0.041088
2014-07-31,0.041088
2014-08-01,0.041088
2014-08-03,0.041088
2014-08-04,0.041088
2014-08-05,0.041088
2014-08-06,0.041088
2014-08-07,0.041088
2014-08-08,0.041088
2014-08-10,0.041088
2014-08-11,0.041088
2014-08-12,0.041088
2014-08-13,0.041088
2014-08-14,0.041088
2014-08-15,0.041088
2014-08-17,0.041088
2014-08-18,0.041088
2014-08-19,0.052784
2014-08-20,0.052784
2014-08-21,0.052784
2014-08-22,0.064619
2014-08-25,0.064619
2014-08-26,0.064619
2014-08-27,0.064619
2014-08-28,0.052784
2014-08-29,0.064619
2014-08-31,0.064619
2014-09-01,0.064619
2014-09-02,0.088716
2014-09-03,0.076595
2014-09-04,0.088716
2014-09-05,0.088716
2014-09-07,0.088716
2014-09-08,0.088716
2014-09-09,0.088716
2014-09-10,0.100987
2014-09-11,0.100987
2014-09-12,0.100987
2014-09-14,0.100987
2014-09-15,0.100987
2014-09-16,0.100987
2014-09-17,0.113409
2014-09-18,0.125988
2014-09-19,0.125988
2014-09-21,0.125988
2014-09-22,0.125988
2014-09-26,0.125988
2014-09-28,0.125988
2014-09-29,0.125988
2014-09-30,0.125988
2014-10-01,0.125988
2014-10-02,0.113409
2014-10-03,0.125988
2014-10-05,0.125988
2014-10-06,0.125988
2014-10-07,0.113409
2014-10-08,0.113409
2014-10-09,0.113409
2014-10-10,0.113409
2014-10-12,0.100987
2014-10-13,0.100987
2014-10-14,0.100987
2014-10-15,0.088716
2014-10-16,0.100987
2014-10-17,0.100987
2014-10-19,0.100987
2014-10-20,0.100987
2014-10-21,0.100987
2014-10-22,0.100987
2014-10-23,0.113409
2014-10-24,0.113409
2014-10-26,0.113409
2014-10-27,0.113409
2014-10-28,0.113409
2014-10-29,0.125988
2014-10-30,0.125988
2014-10-31,0.125988
2014-11-02,0.204976
2014-11-03,0.204976
2014-11-04,0.204976
2014-11-05,0.218770
2014-11-06,0.232756
2014-11-07,0.218770
2014-11-09,0.218770
2014-11-10,0.218770
2014-11-11,0.232756
2014-11-12,0.232756
2014-11-13,0.232756
2014-11-14,0.232756
2014-11-16,0.246940
2014-11-17,0.246940
2014-11-18,0.246940
2014-11-19,0.261329
2014-11-20,0.261329
2014-11-21,0.261329
2014-11-23,0.261329
2014-11-24,0.261329
2014-11-25,0.261329
2014-11-26,0.246940
2014-11-27,0.261329
2014-11-28,0.261329
2014-11-30,0.261329
2014-12-01,0.261329
2014-12-02,0.275928
2014-12-03,0.275928
2014-12-04,0.275928
2014-12-05,0.275928
2014-12-07,0.290743
2014-12-08,0.290743
2014-12-09,0.275928
2014-12-10,0.246940
2014-12-11,0.261329
2014-12-12,0.261329
2014-12-14,0.261329
2014-12-15,0.261329
2014-12-16,0.246940
2014-12-17,0.261329
2014-12-18,0.261329
2014-12-19,0.275928
2014-12-21,0.275928
2014-12-22,0.275928
2014-12-23,0.275928
2014-12-24,0.275928
2014-12-25,0.275928
2014-12-26,0.275928
2014-12-28,0.275928
2014-12-29,0.275928
2014-12-30,0.275928
2015-01-01,0.275928
2015-01-02,0.275928
2015-01-04,0.275928
2015-01-05,0.275928
2015-01-06,0.261329
2015-01-07,0.275928
2015-01-08,0.275928
2015-01-09,0.261329
2015-01-11,0.261329
2015-01-12,0.261329
2015-01-13,0.261329
2015-01-14,0.246940
2015-01-15,0.232756
2015-01-16,0.246940
2015-01-18,0.246940
2015-01-19,0.246940
2015-01-20,0.261329
2015-01-21,0.261329
2015-01-22,0.261329
2015-01-23,0.261329
2015-01-25,0.246940
2015-01-26,0.261329
2015-01-27,0.246940
2015-01-28,0.246940
2015-01-29,0.261329
2015-01-30,0.261329
2015-02-01,0.261329
2015-02-02,0.261329
2015-02-03,0.261329
2015-02-04,0.261329
2015-02-05,0.261329
2015-02-06,0.261329
2015-02-08,0.261329
2015-02-09,0.261329
2015-02-10,0.261329
2015-02-11,0.261329
2015-02-12,0.261329
2015-02-13,0.261329
2015-02-15,0.261329
2015-02-16,0.261329
2015-02-17,0.261329
2015-02-18,0.261329
2015-02-19,0.261329
2015-02-20,0.261329
2015-02-22,0.261329
2015-02-23,0.261329
2015-02-24,0.261329
2015-02-25,0.261329
2015-02-26,0.275928
2015-02-27,0.275928
2015-03-01,0.275928
2015-03-02,0.275928
2015-03-03,0.275928
2015-03-04,0.275928
2015-03-05,0.275928
2015-03-06,0.275928
2015-03-08,0.275928
2015-03-09,0.275928
2015-03-10,0.275928
2015-03-11,0.275928
2015-03-12,0.275928
2015-03-13,0.275928
2015-03-15,0.275928
2015-03-16,0.275928
2015-03-17,0.275928
2015-03-18,0.261113
2015-03-19,0.275928
2015-03-20,0.261113
2015-03-22,0.261113
2015-03-23,0.261113
2015-03-24,0.261113
2015-03-25,0.261113
2015-03-26,0.246514
2015-03-27,0.246514
2015-03-29,0.261113
2015-03-30,0.261113
2015-03-31,0.261113
2015-04-01,0.261113
2015-04-02,0.261113
2015-04-03,0.261113
2015-04-05,0.261113
2015-04-06,0.275712
2015-04-07,0.275712
2015-04-08,0.275712
2015-04-09,0.275712
2015-04-10,0.275712
2015-04-12,0.275712
2015-04-13,0.275712
2015-04-14,0.275712
2015-04-15,0.261113
2015-04-16,0.261113
2015-04-17,0.261113
2015-04-19,0.261113
2015-04-20,0.275712
2015-04-21,0.275712
2015-04-22,0.275712
2015-04-23,0.275712
2015-04-24,0.275712
2015-04-26,0.275712
2015-04-27,0.275712
2015-04-28,0.275712
2015-04-29,0.275712
2015-04-30,0.290310
2015-05-01,0.290310
2015-05-03,0.290310
2015-05-04,0.290310
2015-05-05,0.290310
2015-05-06,0.290310
2015-05-07,0.290310
2015-05-08,0.290310
2015-05-10,0.290310
2015-05-11,0.290310
2015-05-12,0.290310
2015-05-13,0.290310
2015-05-14,0.290310
2015-05-15,0.290310
2015-05-17,0.290310
2015-05-18,0.290310
2015-05-19,0.290310
2015-05-20,0.290310
2015-05-21,0.290310
2015-05-22,0.290310
2015-05-24,0.290310
2015-05-25,0.290310
2015-05-26,0.290310
2015-05-27,0.290310
2015-05-28,0.290310
2015-05-29,0.290310
2015-05-31,0.290310
2015-06-01,0.290310
2015-06-02,0.290310
2015-06-03,0.290310
2015-06-04,0.290310
2015-06-05,0.290310
2015-06-07,0.305815
2015-06-08,0.290310
2015-06-09,0.290310
2015-06-10,0.275043
2015-06-11,0.290310
2015-06-12,0.275043
2015-06-14,0.275043
2015-06-15,0.275043
2015-06-16,0.275043
2015-06-17,0.275043
2015-06-18,0.275043
2015-06-19,0.275043
2015-06-21,0.275043
2015-06-22,0.275043
2015-06-23,0.290310
2015-06-24,0.290310
2015-06-25,0.275043
2015-06-26,0.290310
2015-06-28,0.275043
2015-06-29,0.275043
2015-06-30,0.275043
2015-07-01,0.275043
2015-07-02,0.275043
2015-07-03,0.275043
2015-07-05,0.275043
2015-07-06,0.275043
2015-07-07,0.275043
2015-07-08,0.260005
2015-07-09,0.260005
2015-07-10,0.275043
2015-07-12,0.275043
2015-07-13,0.275043
2015-07-14,0.275043
2015-07-15,0.290310
2015-07-16,0.290310
2015-07-17,0.290310
2015-07-19,0.290310
2015-07-20,0.290310
2015-07-21,0.290310
2015-07-22,0.290310
2015-07-23,0.290310
2015-07-24,0.290310
2015-07-26,0.290310
2015-07-27,0.275043
2015-07-28,0.275043
2015-07-29,0.290310
2015-07-30,0.290310
2015-07-31,0.290310
2015-08-02,0.290310
2015-08-03,0.290310
2015-08-04,0.290310
2015-08-05,0.290310
2015-08-06,0.290310
2015-08-07,0.290310
2015-08-09,0.290310
2015-08-10,0.290310
2015-08-11,0.290310
2015-08-12,0.290310
2015-08-13,0.290310
2015-08-14,0.290310
2015-08-16,0.290310
2015-08-17,0.290310
2015-08-18,0.290310
2015-08-19,0.290310
2015-08-20,0.275043
2015-08-21,0.275043
2015-08-23,0.260228
2015-08-24,0.203069
2015-08-25,0.203069
2015-08-26,0.217056
2015-08-27,0.202871
2015-08-28,0.202871
2015-08-30,0.202871
2015-08-31,0.202871
2015-09-01,0.217056
2015-09-02,0.202871
2015-09-03,0.217056
2015-09-04,0.217056
2015-09-06,0.217056
2015-09-07,0.217056
2015-09-08,0.217056
2015-09-09,0.217056
2015-09-10,0.202871
2015-09-11,0.202871
2015-09-13,0.202871
2015-09-14,0.202871
2015-09-15,0.217056
2015-09-16,0.217056
2015-09-17,0.217056
2015-09-18,0.217056
2015-09-20,0.217056
2015-09-21,0.217056
2015-09-22,0.217056
2015-09-23,0.217056
2015-09-24,0.217056
2015-09-25,0.202871
2015-09-27,0.217056
2015-09-28,0.217056
2015-09-29,0.217056
2015-09-30,0.217056
2015-10-01,0.217056
2015-10-02,0.217056
2015-10-04,0.217056
2015-10-05,0.217056
2015-10-06,0.217056
2015-10-07,0.217056
2015-10-08,0.217056
2015-10-09,0.217056
2015-10-11,0.217056
2015-10-12,0.217056
2015-10-13,0.217056
2015-10-14,0.231042
2015-10-15,0.231042
2015-10-16,0.217056
2015-10-18,0.217056
2015-10-19,0.217056
2015-10-20,0.217056
2015-10-21,0.217056
2015-10-22,0.202871
2015-10-23,0.202871
2015-10-25,0.202871
2015-10-26,0.202871
2015-10-27,0.217056
2015-10-28,0.202871
2015-10-29,0.202871
2015-10-30,0.202871
2015-11-01,0.202871
2015-11-02,0.202871
2015-11-03,0.202871
2015-11-04,0.202871
2015-11-05,0.202871
2015-11-06,0.188482
2015-11-08,0.188482
2015-11-09,0.188482
2015-11-10,0.188482
2015-11-11,0.188482
2015-11-12,0.188482
2015-11-13,0.188482
2015-11-15,0.188482
2015-11-16,0.188482
2015-11-17,0.188482
2015-11-18,0.188482
2015-11-19,0.188482
2015-11-20,0.188482
2015-11-22,0.188482
2015-11-23,0.188482
2015-11-24,0.188482
2015-11-25,0.188482
2015-11-26,0.188482
2015-11-27,0.188482
2015-11-29,0.188482
2015-11-30,0.188482
2015-12-01,0.188482
2015-12-02,0.188482
2015-12-03,0.188482
2015-12-04,0.188482
2015-12-06,0.188482
2015-12-07,0.188482
2015-12-08,0.188482
2015-12-09,0.174094
2015-12-10,0.174094
2015-12-11,0.174094
2015-12-13,0.174094
2015-12-14,0.174094
2015-12-15,0.174094
2015-12-16,0.188482
2015-12-17,0.188482
2015-12-18,0.174094
2015-12-20,0.174094
2015-12-21,0.174094
2015-12-22,0.174094
2015-12-23,0.174094
2015-12-24,0.159909
2015-12-27,0.159909
2015-12-28,0.159909
2015-12-29,0.159909
2015-12-30,0.159909
2015-12-31,0.159909
2016-01-03,0.159909
2016-01-04,0.159909
2016-01-05,0.173895
2016-01-06,0.173895
2016-01-07,0.187689
2016-01-08,0.187689
2016-01-10,0.187689
2016-01-11,0.187689
2016-01-12,0.173895
2016-01-13,0.187689
2016-01-14,0.173895
2016-01-15,0.187689
2016-01-17,0.187689
2016-01-18,0.187689
2016-01-19,0.187689
2016-01-20,0.187689
2016-01-21,0.173895
2016-01-22,0.173895
2016-01-24,0.173895
2016-01-25,0.173895
2016-01-26,0.173895
2016-01-27,0.173895
2016-01-28,0.173895
2016-01-29,0.145724
2016-01-31,0.145724
2016-02-01,0.145724
2016-02-02,0.159909
2016-02-03,0.173895
2016-02-04,0.187689
2016-02-05,0.187689
2016-02-07,0.187689
2016-02-08,0.201294
2016-02-09,0.201294
2016-02-10,0.227962
2016-02-11,0.227962
2016-02-12,0.227962
2016-02-14,0.227962
2016-02-15,0.214717
2016-02-16,0.214717
2016-02-17,0.214717
2016-02-18,0.227962
2016-02-19,0.227962
2016-02-21,0.227962
2016-02-22,0.227962
2016-02-23,0.241035
2016-02-24,0.241035
2016-02-25,0.227962
2016-02-26,0.214717
2016-02-28,0.214717
2016-02-29,0.227962
2016-03-01,0.214717
2016-03-02,0.227962
2016-03-03,0.214717
2016-03-04,0.214717
2016-03-06,0.214717
2016-03-07,0.227962
2016-03-08,0.227962
2016-03-09,0.227962
2016-03-10,0.227962
2016-03-11,0.214717
2016-03-13,0.214717
2016-03-14,0.214717
2016-03-15,0.227962
2016-03-16,0.227962
2016-03-17,0.241035
2016-03-18,0.241035
2016-03-20,0.241035
2016-03-21,0.241035
2016-03-22,0.241035
2016-03-23,0.241035
2016-03-24,0.227962
2016-03-27,0.227962
2016-03-28,0.227962
2016-03-29,0.227962
2016-03-30,0.241035
2016-03-31,0.241035
2016-04-01,0.241035
2016-04-03,0.241035
2016-04-04,0.253938
2016-04-05,0.253938
2016-04-06,0.266677
2016-04-07,0.279256
2016-04-08,0.279256
2016-04-10,0.279256
2016-04-11,0.279256
2016-04-12,0.279256
2016-04-13,0.266677
2016-04-14,0.266677
2016-04-15,0.279256
2016-04-17,0.279256
2016-04-18,0.266677
2016-04-19,0.266677
2016-04-20,0.266677
2016-04-21,0.266677
2016-04-22,0.241035
2016-04-24,0.241035
2016-04-25,0.253938
2016-04-26,0.241035
2016-04-27,0.241035
2016-04-28,0.316070
2016-04-29,0.328046
2016-05-01,0.328046
2016-05-02,0.328046
2016-05-03,0.328046
2016-05-04,0.328046
2016-05-05,0.328046
2016-05-06,0.328046
2016-05-08,0.328046
2016-05-09,0.316070
2016-05-10,0.303948
2016-05-11,0.316070
2016-05-12,0.303948
2016-05-13,0.303948
2016-05-15,0.303948
2016-05-16,0.303948
2016-05-17,0.303948
2016-05-18,0.291678
2016-05-19,0.291678
2016-05-20,0.291678
2016-05-22,0.291678
2016-05-23,0.303948
2016-05-24,0.291678
2016-05-25,0.291678
2016-05-26,0.291678
2016-05-27,0.291678
2016-05-29,0.291678
2016-05-30,0.291678
2016-05-31,0.291678
2016-06-01,0.303948
2016-06-02,0.303948
2016-06-03,0.351576
2016-06-05,0.351576
2016-06-06,0.339880
2016-06-07,0.351576
2016-06-08,0.351576
2016-06-09,0.351576
2016-06-10,0.351576
2016-06-12,0.351576
2016-06-13,0.351576
2016-06-14,0.363137
2016-06-15,0.363137
2016-06-16,0.374566
2016-06-17,0.385865
2016-06-19,0.374566
2016-06-20,0.385865
2016-06-21,0.374566
2016-06-22,0.374566
2016-06-23,0.374566
2016-06-24,0.429829
2016-06-26,0.429829
2016-06-27,0.440524
2016-06-28,0.429829
2016-06-29,0.429829
2016-06-30,0.419018
2016-07-01,0.429829
2016-07-03,0.429829
2016-07-04,0.429829
2016-07-05,0.440524
2016-07-06,0.440524
2016-07-07,0.451106
2016-07-08,0.451106
2016-07-10,0.451106
2016-07-11,0.429829
2016-07-12,0.408089
2016-07-13,0.408089
2016-07-14,0.397039
2016-07-15,0.408089
2016-07-17,0.397039
2016-07-18,0.385865
2016-07-19,0.397039
2016-07-20,0.385865
2016-07-21,0.397039
2016-07-22,0.385865
2016-07-24,0.385865
2016-07-25,0.397039
2016-07-26,0.408089
2016-07-27,0.408089
2016-07-28,0.408089
2016-07-29,0.429829
2016-07-31,0.429829
2016-08-01,0.429829
2016-08-02,0.440524
2016-08-03,0.440524
2016-08-04,0.440524
2016-08-05,0.429829
2016-08-07,0.429829
2016-08-08,0.429829
2016-08-09,0.429829
2016-08-10,0.440524
2016-08-11,0.429829
2016-08-12,0.440524
2016-08-14,0.440524
2016-08-15,0.440524
2016-08-16,0.451106
2016-08-17,0.451106
2016-08-18,0.451106
2016-08-19,0.451106
2016-08-21,0.451106
2016-08-22,0.451106
2016-08-23,0.451106
2016-08-24,0.451106
2016-08-25,0.451106
2016-08-26,0.429829
2016-08-28,0.429829
2016-08-29,0.429829
2016-08-30,0.419018
2016-08-31,0.419018
2016-09-01,0.419018
2016-09-02,0.408089
2016-09-04,0.408089
2016-09-05,0.419018
2016-09-06,0.419018
2016-09-07,0.419018
2016-09-08,0.419018
2016-09-09,0.419018
2016-09-11,0.419018
2016-09-12,0.419018
2016-09-13,0.419018
2016-09-14,0.419018
2016-09-15,0.419018
2016-09-16,0.419018
2016-09-18,0.419018
2016-09-19,0.419018
2016-09-20,0.429713
2016-09-21,0.440295
2016-09-22,0.440295
2016-09-23,0.429713
2016-09-25,0.440295
2016-09-26,0.440295
2016-09-27,0.440295
2016-09-28,0.429713
2016-09-29,0.429713
2016-09-30,0.429713
2016-10-02,0.429713
2016-10-03,0.429713
2016-10-04,0.419018
2016-10-05,0.408207
2016-10-06,0.408207
2016-10-07,0.419018
2016-10-09,0.408207
2016-10-10,0.408207
2016-10-11,0.408207
2016-10-12,0.408207
2016-10-13,0.408207
2016-10-14,0.408207
2016-10-16,0.408207
2016-10-17,0.408207
2016-10-18,0.408207
2016-10-19,0.408207
2016-10-20,0.419136
2016-10-21,0.408207
2016-10-23,0.408207
2016-10-24,0.419136
2016-10-25,0.419136
2016-10-26,0.419136
2016-10-27,0.430186
2016-10-28,0.419136
2016-10-30,0.419136
2016-10-31,0.419136
2016-11-01,0.419136
2016-11-02,0.408207
2016-11-03,0.408207
2016-11-04,0.408207
2016-11-06,0.419136
2016-11-07,0.419136
2016-11-08,0.430186
2016-11-09,0.430186
2016-11-10,0.430186
2016-11-11,0.430186
2016-11-13,0.430186
2016-11-14,0.430186
2016-11-15,0.441614
2016-11-16,0.441614
2016-11-17,0.453175
2016-11-18,0.464871
2016-11-20,0.464871
2016-11-21,0.453175
2016-11-22,0.464871
2016-11-23,0.476706
2016-11-24,0.488682
2016-11-25,0.476706
2016-11-27,0.476706
2016-11-28,0.464871
2016-11-29,0.476706
2016-11-30,0.500803
2016-12-01,0.488682
2016-12-02,0.488682
2016-12-04,0.488682
2016-12-05,0.488682
2016-12-06,0.488682
2016-12-07,0.488682
2016-12-08,0.488682
2016-12-09,0.500803
2016-12-11,0.500803
2016-12-12,0.500803
2016-12-13,0.500803
2016-12-14,0.525496
2016-12-15,0.525496
2016-12-16,0.525496
2016-12-18,0.525496
2016-12-19,0.513073
2016-12-20,0.525496
2016-12-21,0.525496
2016-12-22,0.525496
2016-12-23,0.513073
2016-12-26,0.513073
2016-12-27,0.513073
2016-12-28,0.513073
2016-12-29,0.513073
2016-12-30,0.513073
2017-01-02,0.513073
2017-01-03,0.525496
2017-01-04,0.513073
2017-01-05,0.500803
2017-01-06,0.513073
2017-01-08,0.513073
2017-01-09,0.500803
2017-01-10,0.500803
2017-01-11,0.500803
2017-01-12,0.500803
2017-01-13,0.488682
2017-01-15,0.488682
2017-01-16,0.488682
2017-01-17,0.476706
2017-01-18,0.500803
2017-01-19,0.500803
2017-01-20,0.488682
2017-01-22,0.488682
2017-01-23,0.476706
2017-01-24,0.488682
2017-01-25,0.476706
2017-01-26,0.488682
2017-01-27,0.500803
2017-01-29,0.500803
2017-01-30,0.488682
2017-01-31,0.476706
2017-02-01,0.488682
2017-02-02,0.476706
2017-02-03,0.476706
2017-02-05,0.476706
2017-02-06,0.476706
2017-02-07,0.476706
2017-02-08,0.476706
2017-02-09,0.488682
2017-02-10,0.488682
2017-02-12,0.488682
2017-02-13,0.488682
2017-02-14,0.488682
2017-02-15,0.488682
2017-02-16,0.488682
2017-02-17,0.488682
2017-02-19,0.488682
2017-02-20,0.488682
2017-02-21,0.488682
2017-02-22,0.488682
2017-02-23,0.488682
2017-02-24,0.488682
2017-02-26,0.488682
2017-02-27,0.488682
2017-02-28,0.488682
2017-03-01,0.488682
2017-03-02,0.488682
2017-03-03,0.488682
2017-03-05,0.488682
2017-03-06,0.488682
2017-03-07,0.488682
2017-03-08,0.488682
2017-03-09,0.476561
2017-03-10,0.476561
2017-03-12,0.476561
2017-03-13,0.476561
2017-03-14,0.476561
2017-03-15,0.488682
2017-03-16,0.500658
2017-03-17,0.500658
2017-03-19,0.500658
2017-03-20,0.500658
2017-03-21,0.512493
2017-03-22,0.512493
2017-03-23,0.512493
2017-03-24,0.512493
2017-03-26,0.524189
2017-03-27,0.524189
2017-03-28,0.512493
2017-03-29,0.524189
2017-03-30,0.512493
2017-03-31,0.512493
2017-04-02,0.500658
2017-04-03,0.512493
2017-04-04,0.512493
2017-04-05,0.524189
2017-04-06,0.512493
2017-04-07,0.512493
2017-04-09,0.512493
2017-04-10,0.512493
2017-04-11,0.524189
2017-04-12,0.535749
2017-04-13,0.535749
2017-04-18,0.535749
2017-04-19,0.535749
2017-04-20,0.535749
2017-04-21,0.535749
2017-04-23,0.524189
2017-04-24,0.524189
2017-04-25,0.512493
2017-04-26,0.512493
2017-04-27,0.512493
2017-04-28,0.512493
2017-05-01,0.512493
2017-05-02,0.500658
2017-05-03,0.500658
2017-05-04,0.500658
2017-05-05,0.500658
2017-05-07,0.500658
2017-05-08,0.488682
2017-05-09,0.488682
2017-05-10,0.488682
2017-05-11,0.488682
2017-05-12,0.488682
2017-05-15,0.488682
2017-05-16,0.488682
2017-05-17,0.500516
2017-05-18,0.500516
2017-05-19,0.500516
2017-05-21,0.500516
2017-05-22,0.500516
2017-05-23,0.500516
2017-05-24,0.500516
2017-05-25,0.500516
2017-05-26,0.500516
2017-05-28,0.500516
2017-05-29,0.500516
2017-05-30,0.500516
2017-05-31,0.500516
2017-06-01,0.500516
2017-06-02,0.512212
2017-06-04,0.512212
2017-06-05,0.512212
2017-06-06,0.512212
2017-06-07,0.512212
2017-06-08,0.512212
2017-06-09,0.512212
2017-06-11,0.512212
2017-06-12,0.512212
2017-06-13,0.512212
2017-06-14,0.512212
2017-06-15,0.500516
2017-06-16,0.500516
2017-06-18,0.500516
2017-06-19,0.500516
2017-06-20,0.500516
2017-06-21,0.500516
2017-06-22,0.500516
2017-06-23,0.500516
2017-06-26,0.500516
2017-06-27,0.488682
2017-06-28,0.488682
2017-06-29,0.488682
2017-06-30,0.488682
2017-07-02,0.488682
2017-07-03,0.488682
2017-07-04,0.488682
2017-07-05,0.488682
2017-07-06,0.500658
2017-07-07,0.500658
2017-07-09,0.500658
2017-07-10,0.500658
2017-07-11,0.500658
2017-07-12,0.488682
2017-07-13,0.500658
2017-07-14,0.488682
2017-07-16,0.488682
2017-07-17,0.488682
2017-07-18,0.488682
2017-07-19,0.488682
2017-07-20,0.488682
2017-07-21,0.488682
2017-07-23,0.488682
2017-07-24,0.488682
2017-07-25,0.488682
2017-07-26,0.488682
2017-07-27,0.488682
2017-07-28,0.488682
2017-07-30,0.488682
2017-07-31,0.488682
2017-08-01,0.488682
2017-08-02,0.488682
2017-08-03,0.488682
2017-08-04,0.488682
2017-08-06,0.488682
2017-08-07,0.488682
2017-08-08,0.500378
2017-08-09,0.500378
2017-08-10,0.511939
2017-08-11,0.511939
2017-08-14,0.500378
2017-08-15,0.500378
2017-08-16,0.500378
2017-08-17,0.511939
2017-08-18,0.511939
2017-08-20,0.511939
2017-08-21,0.511939
2017-08-22,0.500378
2017-08-23,0.511939
2017-08-24,0.511939
2017-08-25,0.511939
2017-08-27,0.511939
2017-08-28,0.511939
2017-08-29,0.500378
2017-08-30,0.500378
2017-08-31,0.500378
2017-09-01,0.500378
2017-09-03,0.500378
2017-09-04,0.500378
2017-09-05,0.511939
2017-09-06,0.511939
2017-09-07,0.523367
2017-09-08,0.523367
2017-09-10,0.523367
2017-09-11,0.511939
2017-09-12,0.500378
2017-09-13,0.500378
2017-09-14,0.500378
2017-09-15,0.488682
2017-09-17,0.488682
2017-09-18,0.488682
2017-09-19,0.488682
2017-09-20,0.476847
2017-09-21,0.476847
2017-09-22,0.476847
2017-09-24,0.476847
2017-09-25,0.488682
2017-09-26,0.476847
2017-09-27,0.476847
2017-09-28,0.476847
2017-09-29,0.476847
2017-10-01,0.476847
2017-10-02,0.476847
2017-10-03,0.476847
2017-10-04,0.476847
2017-10-05,0.476847
2017-10-06,0.476847
2017-10-08,0.476847
2017-10-09,0.476847
2017-10-10,0.476847
2017-10-11,0.476847
2017-10-12,0.476847
2017-10-13,0.476847
2017-10-17,0.476847
2017-10-18,0.476847
2017-10-19,0.476847
2017-10-20,0.488824
2017-10-22,0.488824
2017-10-23,0.488824
2017-10-24,0.488824
2017-10-25,0.488824
2017-10-26,0.488824
2017-10-27,0.488824
2017-10-29,0.488824
2017-10-30,0.476847
2017-10-31,0.488824
2017-11-01,0.488824
2017-11-02,0.488824
2017-11-03,0.488824
2017-11-05,0.488824
2017-11-06,0.488824
2017-11-07,0.488824
2017-11-08,0.488824
2017-11-09,0.488824
2017-11-10,0.488824
2017-11-12,0.488824
2017-11-13,0.488824
2017-11-14,0.488824
2017-11-15,0.476847
2017-11-16,0.476847
2017-11-17,0.476847
2017-11-19,0.476847
2017-11-20,0.476847
2017-11-21,0.476847
2017-11-22,0.465013
2017-11-23,0.465013
2017-11-24,0.465013
2017-11-26,0.465013
2017-11-27,0.465013
2017-11-28,0.465013
2017-11-29,0.465013
2017-11-30,0.465013
2017-12-01,0.465013
2017-12-03,0.465013
2017-12-04,0.465013
2017-12-05,0.465013
2017-12-06,0.465013
2017-12-07,0.476989
2017-12-08,0.476989
2017-12-10,0.476989
2017-12-11,0.476989
2017-12-12,0.476989
2017-12-13,0.476989
2017-12-14,0.476989
2017-12-15,0.476989
2017-12-17,0.476989
2017-12-18,0.476989
2017-12-19,0.476989
2017-12-20,0.476989
2017-12-21,0.476989
2017-12-22,0.476989
2017-12-26,0.476989
2017-12-27,0.476989
2017-12-28,0.476989
2017-12-29,0.476989
2018-01-01,0.476989
2018-01-02,0.476989
2018-01-03,0.476989
2018-01-04,0.476989
2018-01-05,0.476989
2018-01-08,0.476989
2018-01-09,0.476989
2018-01-10,0.476989
2018-01-11,0.476989
2018-01-14,0.476989
2018-01-15,0.488685
2018-01-16,0.488685
2018-01-17,0.476989
2018-01-18,0.476989
2018-01-19,0.488685
2018-01-21,0.488685
2018-01-22,0.476989
2018-01-23,0.488685
2018-01-24,0.500246
2018-01-25,0.488685
2018-01-26,0.500246
2018-01-29,0.500246
2018-01-30,0.500246
2018-01-31,0.500246
2018-02-01,0.500246
2018-02-02,0.488685
2018-02-04,0.488685
2018-02-05,0.500246
2018-02-06,0.488685
2018-02-07,0.500246
2018-02-08,0.500246
2018-02-09,0.500246
2018-02-12,0.500246
2018-02-13,0.511675
2018-02-14,0.522974
2018-02-15,0.522974
2018-02-16,0.522974
2018-02-18,0.522974
2018-02-19,0.522974
2018-02-20,0.511675
2018-02-21,0.511675
2018-02-22,0.522974
2018-02-23,0.522974
2018-02-25,0.522974
2018-02-26,0.522974
2018-02-27,0.511675
2018-02-28,0.522974
2018-03-01,0.522974
2018-03-02,0.534148
2018-03-04,0.534148
2018-03-05,0.522974
2018-03-06,0.534148
2018-03-07,0.522974
2018-03-08,0.522974
2018-03-09,0.522974
2018-03-11,0.522974
2018-03-12,0.522974
2018-03-13,0.522974
2018-03-14,0.522974
2018-03-15,0.522974
2018-03-16,0.522974
2018-03-18,0.522974
2018-03-19,0.522974
2018-03-20,0.522974
2018-03-21,0.534148
2018-03-22,0.545197
2018-03-23,0.545197
2018-03-25,0.545197
2018-03-26,0.534148
2018-03-27,0.534148
2018-03-28,0.522974
2018-03-29,0.522974
2018-04-01,0.522974
2018-04-02,0.534148
2018-04-03,0.522974
2018-04-04,0.522974
2018-04-05,0.522974
2018-04-06,0.522974
2018-04-08,0.522974
2018-04-09,0.522974
2018-04-10,0.511675
2018-04-11,0.522974
2018-04-12,0.511675
2018-04-13,0.511675
2018-04-15,0.511675
2018-04-16,0.511675
2018-04-17,0.522974
2018-04-18,0.511675
2018-04-19,0.511675
2018-04-20,0.511675
2018-04-22,0.511675
2018-04-23,0.500246
2018-04-24,0.500246
2018-04-25,0.500246
2018-04-26,0.500246
2018-04-27,0.500246
2018-04-30,0.500246
2018-05-01,0.500246
2018-05-02,0.500246
2018-05-03,0.488685
2018-05-04,0.488685
2018-05-06,0.488685
2018-05-07,0.488685
2018-05-08,0.488685
2018-05-09,0.500246
2018-05-10,0.500246
2018-05-11,0.488685
2018-05-14,0.500246
2018-05-15,0.500246
2018-05-16,0.500246
2018-05-17,0.511942
2018-05-18,0.500246
2018-05-20,0.511942
2018-05-21,0.511942
2018-05-22,0.500246
2018-05-23,0.500246
2018-05-24,0.488685
2018-05-25,0.488685
2018-05-27,0.500246
2018-05-28,0.488685
2018-05-29,0.488685
2018-05-30,0.488685
2018-05-31,0.488685
2018-06-01,0.488685
2018-06-03,0.500246
2018-06-04,0.500246
2018-06-05,0.500246
2018-06-06,0.500246
2018-06-07,0.500246
2018-06-08,0.500246
2018-06-10,0.488685
2018-06-11,0.500246
2018-06-12,0.500246
2018-06-13,0.500246
2018-06-14,0.500246
2018-06-15,0.511942
2018-06-17,0.500246
2018-06-18,0.500246
2018-06-19,0.500246
2018-06-20,0.500246
2018-06-21,0.500246
2018-06-22,0.500246
2018-06-24,0.500246
2018-06-25,0.500246
2018-06-26,0.500246
2018-06-27,0.500246
2018-06-28,0.500246
2018-06-29,0.511942
2018-07-02,0.511942
2018-07-03,0.500246
2018-07-04,0.500246
2018-07-05,0.500246
2018-07-06,0.500246
2018-07-09,0.511942
2018-07-10,0.511942
2018-07-11,0.535753
2018-07-12,0.535753
2018-07-13,0.535753
2018-07-16,0.535753
2018-07-17,0.535753
2018-07-18,0.535753
2018-07-19,0.535753
2018-07-20,0.523777
2018-07-22,0.523777
2018-07-23,0.523777
2018-07-24,0.523777
2018-07-25,0.523777
2018-07-26,0.523777
2018-07-27,0.523777
2018-07-30,0.523777
2018-07-31,0.523777
2018-08-01,0.523777
2018-08-02,0.523777
2018-08-03,0.523777
2018-08-06,0.523777
2018-08-07,0.523777
2018-08-08,0.523777
2018-08-09,0.523777
2018-08-10,0.523777
2018-08-13,0.523777
2018-08-14,0.523777
2018-08-15,0.511942
2018-08-16,0.523777
2018-08-17,0.511942
2018-08-19,0.511942
2018-08-20,0.511942
2018-08-21,0.511942
2018-08-22,0.511942
2018-08-23,0.523777
2018-08-24,0.523777
2018-08-26,0.523777
2018-08-27,0.523777
2018-08-28,0.523777
2018-08-29,0.523777
2018-08-30,0.523777
2018-08-31,0.523777
2018-09-02,0.523777
2018-09-03,0.523777
2018-09-04,0.523777
2018-09-05,0.523777
2018-09-06,0.511942
2018-09-07,0.523777
2018-09-09,0.523777
2018-09-10,0.523777
2018-09-11,0.523777
2018-09-12,0.523777
2018-09-13,0.535753
2018-09-14,0.535753
2018-09-16,0.535753
2018-09-17,0.523777
2018-09-18,0.535753
2018-09-19,0.535753
2018-09-20,0.535753
2018-09-21,0.535753
2018-09-23,0.535753
2018-09-24,0.535753
2018-09-25,0.535753
2018-09-26,0.535753
2018-09-27,0.535753
2018-09-28,0.535753
2018-09-30,0.535753
2018-10-01,0.535753
2018-10-02,0.535753
2018-10-03,0.535753
2018-10-04,0.535753
2018-10-05,0.535753
2018-10-07,0.535753
2018-10-08,0.523631
2018-10-09,0.523631
2018-10-10,0.523631
2018-10-11,0.523631
2018-10-12,0.523631
2018-10-14,0.523631
2018-10-15,0.523631
2018-10-16,0.523631
2018-10-17,0.523631
2018-10-18,0.511655
2018-10-19,0.523631
2018-10-21,0.523631
2018-10-22,0.523631
2018-10-23,0.523631
2018-10-24,0.511655
2018-10-25,0.523631
2018-10-26,0.511655
2018-10-29,0.523631
2018-10-30,0.523631
2018-10-31,0.523631
2018-11-01,0.523631
2018-11-02,0.523631
2018-11-05,0.523631
2018-11-06,0.535753
2018-11-07,0.535753
2018-11-08,0.535753
2018-11-09,0.535753
2018-11-11,0.535753
2018-11-12,0.535753
2018-11-13,0.535753
2018-11-14,0.535753
2018-11-15,0.535753
2018-11-16,0.523631
2018-11-18,0.523631
2018-11-19,0.523631
2018-11-20,0.523631
2018-11-21,0.523631
2018-11-22,0.523631
2018-11-23,0.523631
2018-11-25,0.523631
2018-11-26,0.523631
2018-11-27,0.523631
2018-11-28,0.523631
2018-11-29,0.523631
2018-11-30,0.523631
2018-12-02,0.523631
2018-12-03,0.523631
2018-12-04,0.511510
2018-12-05,0.511510
2018-12-06,0.511510
2018-12-07,0.511510
2018-12-09,0.511510
2018-12-10,0.511510
2018-12-11,0.511510
2018-12-12,0.511510
2018-12-13,0.511510
2018-12-14,0.511510
2018-12-16,0.511510
2018-12-17,0.511510
2018-12-18,0.511510
2018-12-19,0.511510
2018-12-20,0.499534
2018-12-21,0.499534
2018-12-24,0.487699
2018-12-25,0.487699
2018-12-26,0.475865
2018-12-27,0.475865
2018-12-28,0.487699
2018-12-30,0.487699
2018-12-31,0.487699
2019-01-01,0.487699
2019-01-02,0.533684
2019-01-03,0.533684
2019-01-04,0.522385
2019-01-07,0.522385
2019-01-08,0.522385
2019-01-09,0.533684
2019-01-10,0.522385
2019-01-11,0.522385
2019-01-13,0.522385
2019-01-14,0.533684
2019-01-15,0.522385
2019-01-16,0.522385
2019-01-17,0.522385
2019-01-18,0.510956
2019-01-21,0.522385
2019-01-22,0.522385
2019-01-23,0.522385
2019-01-24,0.522385
2019-01-25,0.510956
2019-01-28,0.522385
2019-01-29,0.522385
2019-01-30,0.522385
2019-01-31,0.522385
2019-02-01,0.522385
2019-02-04,0.510956
2019-02-05,0.510956
2019-02-06,0.510956
2019-02-07,0.510956
2019-02-08,0.510956
2019-02-10,0.510956
2019-02-11,0.510956
2019-02-12,0.510956
2019-02-13,0.499395
2019-02-14,0.510956
2019-02-15,0.510956
2019-02-17,0.510956
2019-02-18,0.510956
2019-02-19,0.510956
2019-02-20,0.510956
2019-02-21,0.510956
2019-02-22,0.510956
2019-02-24,0.510956
2019-02-25,0.499395
2019-02-26,0.510956
2019-02-27,0.499395
2019-02-28,0.499395
2019-03-01,0.499395
2019-03-03,0.499395
2019-03-04,0.499395
2019-03-05,0.499395
2019-03-06,0.499395
2019-03-07,0.499395
2019-03-08,0.499395
2019-03-10,0.499395
2019-03-11,0.499395
2019-03-12,0.499395
2019-03-13,0.499395
2019-03-14,0.499395
2019-03-15,0.499395
2019-03-17,0.499395
2019-03-18,0.499395
2019-03-19,0.499395
2019-03-20,0.499395
2019-03-21,0.499395
2019-03-22,0.499395
2019-03-24,0.499395
2019-03-25,0.499395
2019-03-26,0.499395
2019-03-27,0.499395
2019-03-28,0.499395
2019-03-29,0.499395
2019-03-31,0.499395
2019-04-01,0.499395
2019-04-02,0.499395
2019-04-03,0.499395
2019-04-04,0.499395
2019-04-05,0.499395
2019-04-08,0.499395
2019-04-09,0.499395
2019-04-10,0.499395
2019-04-11,0.499395
2019-04-12,0.499395
2019-04-15,0.499395
2019-04-16,0.487699
2019-04-17,0.487699
2019-04-18,0.487699
2019-04-22,0.487699
2019-04-23,0.487699
2019-04-24,0.499395
2019-04-25,0.487699
2019-04-26,0.487699
2019-04-29,0.487699
2019-04-30,0.487699
2019-05-01,0.487699
2019-05-02,0.487699
2019-05-05,0.476139
2019-05-06,0.487699
2019-05-07,0.476139
2019-05-08,0.476139
2019-05-09,0.476139
2019-05-10,0.476139
2019-05-13,0.476139
2019-05-14,0.476139
2019-05-15,0.476139
2019-05-16,0.476139
2019-05-17,0.476139
2019-05-19,0.476139
2019-05-20,0.476139
2019-05-21,0.476139
2019-05-22,0.476139
2019-05-23,0.487567
2019-05-24,0.487567
2019-05-26,0.487567
2019-05-27,0.487567
2019-05-28,0.487567
2019-05-29,0.476139
2019-05-30,0.487567
2019-05-31,0.498867
2019-06-02,0.498867
2019-06-03,0.498867
2019-06-04,0.498867
2019-06-05,0.487567
2019-06-06,0.487567
2019-06-07,0.498867
2019-06-09,0.487567
2019-06-10,0.487567
2019-06-11,0.487567
2019-06-12,0.487567
2019-06-13,0.487567
2019-06-14,0.487567
2019-06-16,0.487567
2019-06-17,0.487567
2019-06-18,0.487567
2019-06-19,0.498867
2019-06-20,0.498867
2019-06-21,0.498867
2019-06-23,0.498867
2019-06-24,0.498867
2019-06-25,0.510040
2019-06-26,0.498867
2019-06-27,0.498867
2019-06-28,0.498867
2019-06-30,0.487567
2019-07-01,0.487567
2019-07-02,0.498867
2019-07-03,0.498867
2019-07-04,0.498867
2019-07-05,0.487567
2019-07-07,0.487567
2019-07-08,0.487567
2019-07-09,0.487567
2019-07-10,0.487567
2019-07-11,0.487567
2019-07-12,0.498867
2019-07-15,0.498867
2019-07-16,0.498867
2019-07-17,0.498867
2019-07-18,0.510040
2019-07-19,0.498867
2019-07-22,0.498867
2019-07-23,0.498867
2019-07-24,0.498867
2019-07-25,0.487567
2019-07-26,0.487567
2019-07-29,0.487567
2019-07-30,0.487567
2019-07-31,0.487567
2019-08-01,0.521090
2019-08-02,0.521090
2019-08-04,0.521090
2019-08-05,0.532019
2019-08-06,0.521090
2019-08-07,0.532019
2019-08-08,0.532019
2019-08-09,0.532019
2019-08-12,0.532019
2019-08-13,0.521090
2019-08-14,0.532019
2019-08-15,0.532019
2019-08-16,0.521090
2019-08-19,0.521090
2019-08-20,0.532019
2019-08-21,0.521090
2019-08-22,0.521090
2019-08-23,0.532019
2019-08-25,0.542830
2019-08-26,0.532019
2019-08-27,0.532019
2019-08-28,0.532019
2019-08-29,0.521090
2019-08-30,0.532019
2019-09-01,0.532019
2019-09-02,0.532019
2019-09-03,0.532019
2019-09-04,0.521090
2019-09-05,0.521090
2019-09-06,0.521090
2019-09-08,0.521090
2019-09-09,0.521090
2019-09-10,0.510040
2019-09-11,0.510040
2019-09-12,0.510040
2019-09-13,0.510040
2019-09-15,0.510040
2019-09-16,0.510040
2019-09-17,0.510040
2019-09-18,0.510040
2019-09-19,0.510040
2019-09-20,0.521090
2019-09-22,0.510040
2019-09-23,0.510040
2019-09-24,0.521090
2019-09-25,0.510040
2019-09-26,0.510040
2019-09-27,0.510040
2019-09-30,0.510040
2019-10-01,0.510040
2019-10-02,0.521090
2019-10-03,0.521090
2019-10-04,0.521090
2019-10-07,0.521090
2019-10-08,0.521090
2019-10-09,0.521090
2019-10-10,0.510040
2019-10-11,0.510040
2019-10-14,0.510040
2019-10-15,0.498867
2019-10-16,0.510040
2019-10-17,0.510040
2019-10-18,0.510040
2019-10-21,0.510040
2019-10-22,0.510040
2019-10-23,0.510040
2019-10-24,0.510040
2019-10-25,0.510040
2019-10-27,0.510040
2019-10-28,0.510040
2019-10-29,0.510040
2019-10-30,0.510040
2019-10-31,0.487817
2019-11-01,0.487817
2019-11-04,0.498867
2019-11-05,0.498867
2019-11-06,0.498867
2019-11-07,0.498867
2019-11-08,0.498867
2019-11-10,0.498867
2019-11-11,0.498867
2019-11-12,0.498867
2019-11-13,0.498867
2019-11-14,0.487817
2019-11-15,0.498867
2019-11-18,0.498867
2019-11-19,0.487817
2019-11-20,0.487817
2019-11-21,0.487817
2019-11-22,0.487817
2019-11-24,0.487817
2019-11-25,0.487817
2019-11-26,0.487817
2019-11-27,0.487817
2019-11-28,0.487817
2019-11-29,0.487817
2019-12-01,0.487817
2019-12-02,0.487817
2019-12-03,0.487817
2019-12-04,0.487817
2019-12-05,0.487817
2019-12-06,0.487817
2019-12-08,0.498867
2019-12-09,0.498867
2019-12-10,0.498867
2019-12-11,0.498867
2019-12-12,0.498867
2019-12-13,0.498867
2019-12-15,0.498867
2019-12-16,0.498867
2019-12-17,0.498867
2019-12-18,0.498867
2019-12-19,0.498867
2019-12-20,0.498867
2019-12-23,0.498867
2019-12-24,0.498867
2019-12-26,0.498867
2019-12-27,0.498867
2019-12-29,0.498867
2019-12-30,0.498867
2019-12-31,0.498867
2020-01-02,0.498867
2020-01-03,0.498867
2020-01-05,0.498867
2020-01-06,0.498867
2020-01-07,0.498867
2020-01-08,0.487817
2020-01-09,0.487817
2020-01-10,0.487817
2020-01-13,0.476644
2020-01-14,0.487817
2020-01-15,0.476644
2020-01-16,0.476644
2020-01-17,0.476644
2020-01-20,0.476644
2020-01-21,0.465470
2020-01-22,0.465470
2020-01-23,0.454297
2020-01-24,0.454297
2020-01-26,0.454297
2020-01-27,0.454297
2020-01-28,0.454297
2020-01-29,0.454297
2020-01-30,0.454297
2020-01-31,0.443247
2020-02-03,0.443247
2020-02-04,0.443247
2020-02-05,0.443247
2020-02-06,0.454421
2020-02-07,0.454421
2020-02-10,0.454421
2020-02-11,0.454421
2020-02-12,0.454421
2020-02-13,0.454421
2020-02-16,0.443247
2020-02-17,0.443247
2020-02-18,0.443247
2020-02-19,0.465975
2020-02-20,0.465975
2020-02-21,0.465975
2020-02-23,0.465975
2020-02-24,0.465975
2020-02-25,0.465975
2020-02-26,0.465975
2020-02-27,0.454676
2020-02-28,0.443503
2020-03-01,0.443503
2020-03-02,0.443503
2020-03-03,0.432453
2020-03-04,0.443503
2020-03-05,0.432453
2020-03-06,0.432453
2020-03-08,0.432453
2020-03-09,0.432453
2020-03-10,0.432453
2020-03-11,0.432453
2020-03-12,0.432453
2020-03-13,0.399663
2020-03-15,0.410713
2020-03-16,0.410713
2020-03-17,0.399663
2020-03-18,0.399663
2020-03-19,0.377190
2020-03-20,0.377190
2020-03-22,0.377190
2020-03-23,0.377190
2020-03-24,0.377190
2020-03-25,0.377190
2020-03-26,0.377190
2020-03-27,0.377190
2020-03-29,0.377190
2020-03-30,0.377190
2020-03-31,0.377190
2020-04-01,0.377190
2020-04-02,0.377190
2020-04-03,0.377190
2020-04-06,0.377190
2020-04-07,0.377190
2020-04-08,0.377190
2020-04-09,0.377190
2020-04-13,0.377190
2020-04-14,0.377190
2020-04-15,0.388240
2020-04-16,0.388240
2020-04-17,0.388240
2020-04-20,0.388240
2020-04-21,0.388240
2020-04-22,0.388240
2020-04-23,0.388240
2020-04-24,0.388240
2020-04-27,0.399290
2020-04-28,0.399290
2020-04-29,0.399290
2020-04-30,0.399290
2020-05-01,0.399290
2020-05-03,0.399290
2020-05-04,0.399290
2020-05-05,0.399290
2020-05-06,0.410219
2020-05-07,0.399290
2020-05-08,0.399290
2020-05-10,0.399290
2020-05-11,0.388240
2020-05-12,0.399290
2020-05-13,0.399290
2020-05-14,0.399290
2020-05-15,0.388240
2020-05-18,0.399290
2020-05-19,0.388240
2020-05-20,0.388240
2020-05-21,0.388240
2020-05-22,0.388240
2020-05-24,0.388240
2020-05-25,0.388240
2020-05-26,0.388240
2020-05-27,0.388240
2020-05-28,0.388240
2020-05-29,0.388240
2020-05-31,0.388240
2020-06-01,0.388240
2020-06-02,0.388240
2020-06-03,0.388240
2020-06-04,0.388240
2020-06-05,0.388240
2020-06-07,0.388240
2020-06-08,0.388240
2020-06-09,0.388240
2020-06-10,0.388240
2020-06-11,0.388240
2020-06-12,0.388240
2020-06-14,0.388240
2020-06-15,0.388240
2020-06-16,0.388240
2020-06-17,0.388240
2020-06-18,0.388240
2020-06-19,0.388240
2020-06-22,0.388240
2020-06-23,0.388240
2020-06-24,0.388240
2020-06-25,0.388240
2020-06-26,0.388240
2020-06-28,0.388240
2020-06-29,0.377190
2020-06-30,0.377190
2020-07-01,0.377190
2020-07-02,0.377190
2020-07-03,0.377190
2020-07-05,0.377190
2020-07-06,0.377190
2020-07-07,0.377190
2020-07-08,0.388240
2020-07-09,0.388240
2020-07-10,0.388240
2020-07-13,0.388240
2020-07-14,0.388240
2020-07-15,0.388240
2020-07-16,0.377190
2020-07-17,0.388240
2020-07-19,0.388240
2020-07-20,0.388240
2020-07-21,0.388240
2020-07-22,0.388240
2020-07-23,0.388240
2020-07-24,0.399169
2020-07-27,0.399169
2020-07-28,0.399169
2020-07-29,0.409980
2020-07-30,0.409980
2020-07-31,0.399169
2020-08-02,0.399169
2020-08-03,0.399169
2020-08-04,0.399169
2020-08-05,0.399169
2020-08-06,0.399169
2020-08-07,0.399169
2020-08-10,0.399169
2020-08-11,0.388240
2020-08-12,0.388240
2020-08-13,0.388240
2020-08-14,0.388240
2020-08-17,0.399169
2020-08-18,0.399169
2020-08-19,0.399169
2020-08-20,0.399169
2020-08-21,0.399169
2020-08-23,0.399169
2020-08-24,0.399169
2020-08-25,0.388240
2020-08-26,0.399169
2020-08-27,0.388240
2020-08-28,0.399169
2020-08-30,0.399169
2020-08-31,0.399169
2020-09-01,0.399169
2020-09-02,0.388240
2020-09-03,0.399169
2020-09-04,0.388240
2020-09-06,0.388240
2020-09-07,0.388240
2020-09-08,0.399169
2020-09-09,0.388240
2020-09-10,0.399169
2020-09-11,0.388240
2020-09-13,0.399169
2020-09-14,0.399169
2020-09-15,0.399169
2020-09-16,0.409980
2020-09-17,0.409980
2020-09-18,0.409980
2020-09-21,0.409980
2020-09-22,0.409980
2020-09-23,0.399169
2020-09-24,0.399169
2020-09-25,0.399169
2020-09-27,0.399169
2020-09-28,0.399169
2020-09-29,0.399169
2020-09-30,0.399169
2020-10-01,0.399169
2020-10-02,0.399169
2020-10-05,0.399169
2020-10-06,0.399169
2020-10-07,0.399169
2020-10-08,0.399169
2020-10-09,0.399169
2020-10-11,0.399169
2020-10-12,0.399169
2020-10-13,0.399169
2020-10-14,0.399169
2020-10-15,0.399169
2020-10-16,0.399169
2020-10-19,0.399169
2020-10-20,0.399169
2020-10-21,0.399169
2020-10-22,0.399169
2020-10-23,0.399169
2020-10-26,0.399169
2020-10-27,0.399169
2020-10-28,0.399169
2020-10-29,0.399169
2020-10-30,0.399169
2020-11-02,0.399169
2020-11-03,0.399169
2020-11-04,0.399169
2020-11-05,0.409864
2020-11-06,0.409864
2020-11-08,0.409864
2020-11-09,0.377429
2020-11-10,0.377429
2020-11-11,0.366379
2020-11-12,0.377429
2020-11-13,0.377429
2020-11-16,0.377429
2020-11-17,0.377429
2020-11-18,0.377429
2020-11-19,0.377429
2020-11-20,0.377429
2020-11-22,0.377429
2020-11-23,0.366500
2020-11-24,0.366500
2020-11-25,0.366500
2020-11-26,0.366500
2020-11-27,0.366500
2020-11-29,0.366500
2020-11-30,0.366500
2020-12-01,0.366500
2020-12-02,0.377429
2020-12-03,0.366500
2020-12-04,0.366500
2020-12-06,0.366500
2020-12-07,0.366500
2020-12-08,0.366500
2020-12-09,0.366500
2020-12-10,0.366500
2020-12-11,0.366500
2020-12-13,0.366500
2020-12-14,0.366500
2020-12-15,0.366500
2020-12-16,0.366500
2020-12-17,0.366500
2020-12-18,0.366500
2020-12-21,0.366500
2020-12-22,0.355689
2020-12-23,0.355689
2020-12-24,0.355689
2020-12-27,0.355689
2020-12-28,0.355689
2020-12-29,0.355689
2020-12-30,0.355689
2020-12-31,0.355689
2021-01-03,0.355689
2021-01-04,0.366500
2021-01-05,0.366500
2021-01-06,0.366500
2021-01-07,0.366500
2021-01-08,0.366500
2021-01-11,0.366500
2021-01-12,0.366500
2021-01-13,0.366500
2021-01-14,0.366500
2021-01-15,0.366500
2021-01-18,0.366500
2021-01-19,0.366500
2021-01-20,0.366500
2021-01-21,0.366500
2021-01-22,0.366500
2021-01-25,0.366500
2021-01-26,0.366500
2021-01-27,0.366500
2021-01-28,0.366500
2021-01-29,0.355571
2021-01-31,0.355571
2021-02-01,0.355571
2021-02-02,0.355571
2021-02-03,0.355571
2021-02-04,0.355571
2021-02-05,0.355571
2021-02-08,0.344521
2021-02-09,0.344521
2021-02-10,0.344521
2021-02-11,0.344521
2021-02-12,0.344521
2021-02-14,0.344521
2021-02-15,0.344521
2021-02-16,0.355571
2021-02-17,0.355571
2021-02-18,0.355571
2021-02-19,0.355571
2021-02-21,0.366621
2021-02-22,0.355571
2021-02-23,0.355571
2021-02-24,0.366621
2021-02-25,0.366621
2021-02-26,0.366621
2021-02-28,0.366621
2021-03-01,0.377794
2021-03-02,0.377794
2021-03-03,0.377794
2021-03-04,0.389094
2021-03-05,0.389094
2021-03-07,0.389094
2021-03-08,0.400522
2021-03-09,0.389094
2021-03-10,0.389094
2021-03-11,0.389094
2021-03-12,0.400522
2021-03-14,0.400522
2021-03-15,0.400522
2021-03-16,0.400522
2021-03-17,0.400522
2021-03-18,0.400522
2021-03-19,0.400522
2021-03-21,0.389094
2021-03-22,0.389094
2021-03-23,0.389094
2021-03-24,0.389094
2021-03-25,0.400522
2021-03-26,0.400522
2021-03-28,0.400522
2021-03-29,0.400522
2021-03-30,0.412083
2021-03-31,0.412083
2021-04-01,0.412083
2021-04-02,0.412083
2021-04-05,0.412083
2021-04-06,0.400522
2021-04-07,0.400522
2021-04-08,0.400522
2021-04-09,0.400522
2021-04-12,0.400522
2021-04-13,0.400522
2021-04-14,0.400522
2021-04-15,0.389094
2021-04-16,0.389094
2021-04-18,0.389094
2021-04-19,0.389094
2021-04-20,0.389094
2021-04-21,0.389094
2021-04-22,0.389094
2021-04-23,0.389094
2021-04-26,0.389094
2021-04-27,0.389094
2021-04-28,0.389094
2021-04-29,0.400522
2021-04-30,0.400522
2021-05-02,0.400522
2021-05-03,0.400522
2021-05-04,0.400522
2021-05-05,0.400522
2021-05-06,0.400522
2021-05-07,0.389094
2021-05-09,0.389094
2021-05-10,0.389094
2021-05-11,0.389094
2021-05-12,0.412083
2021-05-13,0.412083
2021-05-14,0.412083
2021-05-17,0.412083
2021-05-18,0.400522
2021-05-19,0.400522
2021-05-20,0.388961
2021-05-21,0.400522
2021-05-23,0.400522
2021-05-24,0.388961
2021-05-25,0.388961
2021-05-26,0.400522
2021-05-27,0.400522
2021-05-28,0.400522
2021-05-30,0.400522
2021-05-31,0.400522
2021-06-01,0.400522
2021-06-02,0.400522
2021-06-03,0.412218
2021-06-04,0.400522
2021-06-06,0.400522
2021-06-07,0.400522
2021-06-08,0.400522
2021-06-09,0.400522
2021-06-10,0.400522
2021-06-11,0.400522
2021-06-13,0.400522
2021-06-14,0.400522
2021-06-15,0.400522
2021-06-16,0.400522
2021-06-17,0.400522
2021-06-18,0.400522
2021-06-20,0.400522
2021-06-21,0.400522
2021-06-22,0.400522
2021-06-23,0.400522
2021-06-24,0.400522
2021-06-25,0.400522
2021-06-27,0.400522
2021-06-28,0.400522
2021-06-29,0.400522
2021-06-30,0.400522
2021-07-01,0.412357
2021-07-02,0.400522
2021-07-05,0.400522
2021-07-06,0.400522
2021-07-07,0.400522
2021-07-08,0.388826
2021-07-09,0.400522
2021-07-12,0.400522
2021-07-13,0.400522
2021-07-14,0.388826
2021-07-15,0.388826
2021-07-16,0.400522
2021-07-18,0.388826
2021-07-19,0.388826
2021-07-20,0.388826
2021-07-21,0.400522
2021-07-22,0.400522
2021-07-23,0.400522
2021-07-26,0.400522
2021-07-27,0.400522
2021-07-28,0.400522
2021-07-29,0.400522
2021-07-30,0.400522
2021-08-01,0.400522
2021-08-02,0.400522
2021-08-03,0.400522
2021-08-04,0.400522
2021-08-05,0.400522
2021-08-06,0.412218
2021-08-09,0.412218
2021-08-10,0.412218
2021-08-11,0.412218
2021-08-12,0.412218
2021-08-13,0.412218
2021-08-16,0.412218
2021-08-17,0.412218
2021-08-18,0.412218
2021-08-19,0.412218
2021-08-20,0.412218
2021-08-22,0.412218
2021-08-23,0.412218
2021-08-24,0.412218
2021-08-25,0.412218
2021-08-26,0.412218
2021-08-27,0.412218
2021-08-29,0.412218
2021-08-30,0.412218
2021-08-31,0.412218
2021-09-01,0.412218
2021-09-02,0.412218
2021-09-03,0.412218
2021-09-05,0.412218
2021-09-06,0.412218
2021-09-07,0.400522
2021-09-08,0.400522
2021-09-09,0.412218
2021-09-10,0.412218
2021-09-12,0.412218
2021-09-13,0.412218
2021-09-14,0.412218
2021-09-15,0.412218
2021-09-16,0.412218
2021-09-17,0.412218
2021-09-20,0.412218
2021-09-21,0.412218
2021-09-22,0.412218
2021-09-23,0.400522
2021-09-24,0.400522
2021-09-26,0.400522
2021-09-27,0.400522
2021-09-28,0.388688
2021-09-29,0.388688
2021-09-30,0.388688
2021-10-01,0.376853
2021-10-03,0.376853
2021-10-04,0.376853
2021-10-05,0.388688
2021-10-06,0.388688
2021-10-07,0.388688
2021-10-08,0.388688
2021-10-11,0.400664
2021-10-12,0.400664
2021-10-13,0.400664
2021-10-14,0.412785
2021-10-15,0.412785
2021-10-18,0.412785
2021-10-19,0.412785
2021-10-20,0.412785
2021-10-21,0.412785
2021-10-22,0.400664
2021-10-25,0.400664
2021-10-26,0.412785
2021-10-27,0.400664
2021-10-28,0.400664
2021-10-29,0.412785
2021-11-01,0.412785
2021-11-02,0.412785
2021-11-03,0.412785
2021-11-04,0.400664
2021-11-05,0.400664
2021-11-08,0.400664
2021-11-09,0.400664
2021-11-10,0.400664
2021-11-11,0.412785
2021-11-12,0.412785
2021-11-15,0.412785
2021-11-16,0.412785
2021-11-17,0.412785
2021-11-18,0.412785
2021-11-19,0.412785
2021-11-21,0.412785
2021-11-22,0.412785
2021-11-23,0.412785
2021-11-24,0.425055
2021-11-25,0.412785
2021-11-26,0.388688
2021-11-28,0.388688
2021-11-29,0.388688
2021-11-30,0.388688
2021-12-01,0.376853
2021-12-02,0.376853
2021-12-03,0.376853
2021-12-05,0.376853
2021-12-06,0.388688
2021-12-07,0.388688
2021-12-08,0.388688
2021-12-09,0.388688
2021-12-10,0.388688
2021-12-12,0.388688
2021-12-13,0.388688
2021-12-14,0.388688
2021-12-15,0.388688
2021-12-16,0.388688
2021-12-17,0.388688
2021-12-19,0.388688
2021-12-20,0.388688
2021-12-21,0.388688
2021-12-22,0.388688
2021-12-23,0.388688
2021-12-26,0.388688
2021-12-27,0.376712
2021-12-28,0.376712
2021-12-29,0.376712
2021-12-30,0.376712
2021-12-31,0.376712
2022-01-03,0.376712
2022-01-04,0.376712
2022-01-05,0.376712
2022-01-06,0.376712
2022-01-07,0.376712
2022-01-09,0.376712
2022-01-10,0.376712
2022-01-11,0.376712
2022-01-12,0.364590
2022-01-13,0.364590
2022-01-14,0.364590
2022-01-17,0.364590
2022-01-18,0.364590
2022-01-19,0.364590
2022-01-20,0.364590
2022-01-21,0.364590
2022-01-24,0.364590
2022-01-25,0.364590
2022-01-26,0.364590
2022-01-27,0.364590
2022-01-28,0.364590
2022-01-30,0.364590
2022-01-31,0.364590
2022-02-01,0.364590
2022-02-02,0.364590
2022-02-03,0.364590
2022-02-04,0.364590
2022-02-06,0.364590
2022-02-07,0.364590
2022-02-08,0.364590
2022-02-09,0.364590
2022-02-10,0.364590
2022-02-11,0.364590
2022-02-14,0.364590
2022-02-15,0.364590
2022-02-16,0.364590
2022-02-17,0.352469
2022-02-18,0.364590
2022-02-20,0.364590
2022-02-21,0.352469
2022-02-22,0.364590
2022-02-23,0.364590
2022-02-24,0.364590
2022-02-25,0.364590
2022-02-27,0.364590
2022-02-28,0.364590
2022-03-01,0.352469
2022-03-02,0.364590
2022-03-03,0.364590
2022-03-04,0.364590
2022-03-06,0.364590
2022-03-07,0.364590
2022-03-08,0.364590
2022-03-09,0.364590
2022-03-10,0.364590
2022-03-11,0.376860
2022-03-13,0.376860
2022-03-14,0.389283
2022-03-15,0.389283
2022-03-16,0.389283
2022-03-17,0.389283
2022-03-18,0.401862
2022-03-21,0.401862
2022-03-22,0.414601
2022-03-23,0.414601
2022-03-24,0.427504
2022-03-25,0.427504
2022-03-27,0.427504
2022-03-28,0.440576
2022-03-29,0.427504
2022-03-30,0.414601
2022-03-31,0.414601
2022-04-01,0.427504
2022-04-03,0.427504
2022-04-04,0.427504
2022-04-05,0.440576
2022-04-06,0.440576
2022-04-07,0.440576
2022-04-08,0.440576
2022-04-10,0.440576
2022-04-11,0.453821
2022-04-12,0.453821
2022-04-13,0.453821
2022-04-14,0.453821
2022-04-17,0.467244
2022-04-18,0.467244
2022-04-19,0.508630
2022-04-20,0.494643
2022-04-21,0.494643
2022-04-22,0.494643
2022-04-24,0.494643
2022-04-25,0.494643
2022-04-26,0.494643
2022-04-27,0.494643
2022-04-28,0.522814
2022-04-29,0.508630
2022-05-02,0.508630
2022-05-03,0.508630
2022-05-04,0.508630
2022-05-05,0.508630
2022-05-06,0.522814
2022-05-08,0.522814
2022-05-09,0.508630
2022-05-10,0.522814
2022-05-11,0.508630
2022-05-12,0.494643
2022-05-13,0.508630
2022-05-16,0.508630
2022-05-17,0.508630
2022-05-18,0.494643
2022-05-19,0.494643
2022-05-20,0.494643
2022-05-22,0.494643
2022-05-23,0.494643
2022-05-24,0.480850
2022-05-25,0.494643
2022-05-26,0.480850
2022-05-27,0.480850
2022-05-29,0.494643
2022-05-30,0.494643
2022-05-31,0.494643
2022-06-01,0.508630
2022-06-02,0.508630
2022-06-03,0.522814
2022-06-05,0.522814
2022-06-06,0.537203
2022-06-07,0.537203
2022-06-08,0.551802
2022-06-09,0.551802
2022-06-10,0.551802
2022-06-12,0.551802
2022-06-13,0.537203
2022-06-14,0.551802
2022-06-15,0.551802
2022-06-16,0.537203
2022-06-17,0.551802
2022-06-19,0.551802
2022-06-20,0.551802
2022-06-21,0.566617
2022-06-22,0.566617
2022-06-23,0.551802
2022-06-24,0.551802
2022-06-27,0.551802
2022-06-28,0.566617
2022-06-29,0.566617
2022-06-30,0.566617
2022-07-01,0.551802
2022-07-04,0.551802
2022-07-05,0.551802
2022-07-06,0.566617
2022-07-07,0.566617
2022-07-08,0.566617
2022-07-10,0.566617
2022-07-11,0.566617
2022-07-12,0.566617
2022-07-13,0.566617
2022-07-14,0.581655
2022-07-15,0.581655
2022-07-17,0.566617
2022-07-18,0.581655
2022-07-19,0.581655
2022-07-20,0.581655
2022-07-21,0.566617
2022-07-22,0.566617
2022-07-24,0.566617
2022-07-25,0.566617
2022-07-26,0.566617
2022-07-27,0.566617
2022-07-28,0.551802
2022-07-29,0.537203
2022-07-31,0.537203
2022-08-01,0.522814
2022-08-02,0.537203
2022-08-03,0.537203
2022-08-04,0.537203
2022-08-05,0.551802
2022-08-07,0.551802
2022-08-08,0.551802
2022-08-09,0.551802
2022-08-10,0.537203
2022-08-11,0.537203
2022-08-12,0.537203
2022-08-15,0.537203
2022-08-16,0.551802
2022-08-17,0.551802
2022-08-18,0.551802
2022-08-19,0.551802
2022-08-21,0.551802
2022-08-22,0.551802
2022-08-23,0.551802
2022-08-24,0.551802
2022-08-25,0.551802
2022-08-26,0.551802
2022-08-28,0.566840
2022-08-29,0.566840
2022-08-30,0.566840
2022-08-31,0.566840
2022-09-01,0.582107
2022-09-02,0.582107
2022-09-04,0.582107
2022-09-05,0.582107
2022-09-06,0.629360
2022-09-07,0.629360
2022-09-08,0.629360
2022-09-09,0.613360
2022-09-11,0.613360
2022-09-12,0.613360
2022-09-13,0.629360
2022-09-14,0.629360
2022-09-15,0.629360
2022-09-16,0.629360
2022-09-18,0.629360
2022-09-19,0.629360
2022-09-20,0.629360
2022-09-21,0.629360
2022-09-22,0.613360
2022-09-23,0.629360
2022-09-25,0.629360
2022-09-26,0.629360
2022-09-27,0.629360
2022-09-28,0.629360
2022-09-29,0.629360
2022-09-30,0.629360
2022-10-02,0.629360
2022-10-03,0.629360
2022-10-04,0.629360
2022-10-05,0.629360
2022-10-06,0.645621
2022-10-07,0.645621
2022-10-09,0.645621
2022-10-10,0.645621
2022-10-11,0.645621
2022-10-12,0.645621
2022-10-13,0.662150
2022-10-14,0.662150
2022-10-16,0.662150
2022-10-17,0.662150
2022-10-18,0.662150
2022-10-19,0.678957
2022-10-20,0.678957
2022-10-21,0.645621
2022-10-23,0.629360
2022-10-24,0.645621
2022-10-25,0.645621
2022-10-26,0.629360
2022-10-27,0.629360
2022-10-28,0.629360
2022-10-31,0.645621
2022-11-01,0.645621
2022-11-02,0.645621
2022-11-03,0.645621
2022-11-04,0.629360
2022-11-07,0.629360
2022-11-08,0.629360
2022-11-09,0.629360
2022-11-10,0.551802
2022-11-11,0.536987
2022-11-14,0.551802
2022-11-15,0.522388
2022-11-16,0.536987
2022-11-17,0.536987
2022-11-18,0.536987
2022-11-20,0.536987
2022-11-21,0.536987
2022-11-22,0.536987
2022-11-23,0.551802
2022-11-24,0.566401
2022-11-25,0.551802
2022-11-27,0.551802
2022-11-28,0.566401
2022-11-29,0.566401
2022-11-30,0.566401
2022-12-01,0.580789
2022-12-02,0.594974
2022-12-04,0.594974
2022-12-05,0.580789
2022-12-06,0.566401
2022-12-07,0.580789
2022-12-08,0.580789
2022-12-09,0.580789
2022-12-11,0.580789
2022-12-12,0.566401
2022-12-13,0.580789
2022-12-14,0.580789
2022-12-15,0.566401
2022-12-16,0.566401
2022-12-18,0.580789
2022-12-19,0.566401
2022-12-20,0.649782
2022-12-21,0.649782
2022-12-22,0.649782
2022-12-23,0.649782
2022-12-26,0.649782
2022-12-27,0.636359
2022-12-28,0.636359
2022-12-29,0.649782
2022-12-30,0.663027
2023-01-02,0.663027
2023-01-03,0.663027
2023-01-04,0.649782
2023-01-05,0.636359
2023-01-06,0.649782
2023-01-08,0.649782
2023-01-09,0.649782
2023-01-10,0.649782
2023-01-11,0.649782
2023-01-12,0.676099
2023-01-13,0.676099
2023-01-16,0.676099
2023-01-17,0.689003
2023-01-18,0.676099
2023-01-19,0.676099
2023-01-20,0.676099
2023-01-23,0.663027
2023-01-24,0.663027
2023-01-25,0.676099
2023-01-26,0.663027
2023-01-27,0.663027
2023-01-30,0.663027
2023-01-31,0.663027
2023-02-01,0.676099
2023-02-02,0.676099
2023-02-03,0.663027
2023-02-06,0.649782
2023-02-07,0.663027
2023-02-08,0.649782
2023-02-09,0.649782
2023-02-10,0.663027
2023-02-13,0.649782
2023-02-14,0.649782
2023-02-15,0.636359
2023-02-16,0.636359
2023-02-17,0.636359
2023-02-19,0.636359
2023-02-20,0.636359
2023-02-21,0.636359
2023-02-22,0.636359
2023-02-23,0.636359
2023-02-24,0.622754
2023-02-26,0.622754
2023-02-27,0.622754
2023-02-28,0.622754
2023-03-01,0.622754
2023-03-02,0.622754
2023-03-03,0.622754
2023-03-05,0.622754
2023-03-06,0.622754
2023-03-07,0.608960
2023-03-08,0.608960
2023-03-09,0.608960
2023-03-10,0.608960
2023-03-12,0.608960
2023-03-13,0.608960
2023-03-14,0.608960
2023-03-15,0.608960
2023-03-16,0.608960
2023-03-17,0.608960
2023-03-19,0.608960
2023-03-20,0.608960
2023-03-21,0.608960
2023-03-22,0.622205
2023-03-23,0.622205
2023-03-24,0.622205
2023-03-26,0.622205
2023-03-27,0.622205
2023-03-28,0.622205
2023-03-29,0.608960
2023-03-30,0.608960
2023-03-31,0.608960
2023-04-02,0.608960
2023-04-03,0.608960
2023-04-04,0.608960
2023-04-05,0.608960
2023-04-06,0.608960
2023-04-07,0.608960
2023-04-09,0.608960
2023-04-10,0.608960
2023-04-11,0.608960
2023-04-12,0.608960
2023-04-13,0.608960
2023-04-14,0.608960
2023-04-17,0.608960
2023-04-18,0.608960
2023-04-19,0.608960
2023-04-20,0.608960
2023-04-21,0.608960
2023-04-23,0.608960
2023-04-24,0.608960
2023-04-25,0.608960
2023-04-26,0.608960
2023-04-27,0.608960
2023-04-28,0.608960
2023-05-01,0.608960
2023-05-02,0.608960
2023-05-03,0.608960
2023-05-04,0.608960
2023-05-05,0.608960
2023-05-08,0.608960
2023-05-09,0.622566
2023-05-10,0.622566
2023-05-11,0.622566
2023-05-12,0.622566
2023-05-15,0.622566
2023-05-16,0.622566
2023-05-17,0.622566
2023-05-18,0.622566
2023-05-19,0.622566
2023-05-21,0.622566
2023-05-22,0.622566
2023-05-23,0.622566
2023-05-24,0.636552
2023-05-25,0.636552
2023-05-26,0.636552
2023-05-28,0.650737
2023-05-29,0.636552
2023-05-30,0.636552
2023-05-31,0.636552
2023-06-01,0.622566
2023-06-02,0.636552
2023-06-04,0.636552
2023-06-05,0.636552
2023-06-06,0.636552
2023-06-07,0.636552
2023-06-08,0.636552
2023-06-09,0.636552
2023-06-11,0.636552
2023-06-12,0.636552
2023-06-13,0.636552
2023-06-14,0.636552
2023-06-15,0.636552
2023-06-16,0.650737
2023-06-18,0.650737
2023-06-19,0.650737
2023-06-20,0.650737
2023-06-21,0.650737
2023-06-22,0.665125
2023-06-23,0.665125
2023-06-25,0.665125
2023-06-26,0.665125
2023-06-27,0.665125
2023-06-28,0.665125
2023-06-29,0.665125
2023-06-30,0.665125
2023-07-03,0.665125
2023-07-04,0.665125
2023-07-05,0.665125
2023-07-06,0.665125
2023-07-07,0.650737
2023-07-09,0.650737
2023-07-10,0.650737
2023-07-11,0.636552
2023-07-12,0.622566
2023-07-13,0.622566
2023-07-14,0.636552
2023-07-16,0.636552
2023-07-17,0.636552
2023-07-18,0.636552
2023-07-19,0.636552
2023-07-20,0.636552
2023-07-21,0.650737
2023-07-23,0.650737
2023-07-24,0.650737
2023-07-25,0.650737
2023-07-26,0.636552
2023-07-27,0.636552
2023-07-28,0.650737
2023-07-30,0.650737
2023-07-31,0.650737
2023-08-01,0.665125
2023-08-02,0.665125
2023-08-03,0.665125
2023-08-04,0.650737
2023-08-06,0.650737
2023-08-07,0.650737
2023-08-08,0.665125
2023-08-09,0.665125
2023-08-10,0.679724
2023-08-11,0.679724
2023-08-14,0.679724
2023-08-15,0.679724
2023-08-16,0.679724
2023-08-17,0.679724
2023-08-18,0.679724
2023-08-20,0.679724
2023-08-21,0.679724
2023-08-22,0.679724
2023-08-23,0.665125
2023-08-24,0.679724
2023-08-25,0.679724
2023-08-27,0.679724
2023-08-28,0.679724
2023-08-29,0.679724
2023-08-30,0.679724
2023-08-31,0.679724
2023-09-01,0.679724
2023-09-03,0.679724
2023-09-04,0.679724
2023-09-05,0.694539
2023-09-06,0.694539
2023-09-07,0.694539
2023-09-08,0.694539
2023-09-10,0.694539
2023-09-11,0.679724
2023-09-12,0.694539
2023-09-13,0.694539
2023-09-14,0.694539
2023-09-15,0.694539
2023-09-17,0.694539
2023-09-18,0.694539
2023-09-19,0.694539
2023-09-20,0.694539
2023-09-21,0.694539
2023-09-22,0.694539
2023-09-24,0.694539
2023-09-25,0.694539
2023-09-26,0.694539
2023-09-27,0.709577
2023-09-28,0.709577
2023-09-29,0.709577
2023-10-01,0.709577
2023-10-02,0.709577
2023-10-03,0.709577
2023-10-04,0.709577
2023-10-05,0.694539
2023-10-06,0.709577
2023-10-09,0.694539
2023-10-10,0.694539
2023-10-11,0.709577
2023-10-12,0.709577
2023-10-13,0.709577
2023-10-16,0.709577
2023-10-17,0.709577
2023-10-18,0.709577
2023-10-19,0.709577
2023-10-20,0.709577
2023-10-22,0.709577
2023-10-23,0.709577
2023-10-24,0.709577
2023-10-25,0.709577
2023-10-26,0.709577
2023-10-27,0.709577
2023-10-29,0.709577
2023-10-30,0.709577
2023-10-31,0.740349
2023-11-01,0.724845
2023-11-02,0.724845
2023-11-03,0.724845
2023-11-05,0.724845
2023-11-06,0.724845
2023-11-07,0.724845
2023-11-08,0.724845
2023-11-09,0.740349
2023-11-10,0.740349
2023-11-13,0.740349
2023-11-14,0.724845
2023-11-15,0.724845
2023-11-16,0.724845
2023-11-17,0.724845
2023-11-19,0.724845
2023-11-20,0.709577
2023-11-21,0.709577
2023-11-22,0.724845
2023-11-23,0.724845
2023-11-24,0.724845
2023-11-26,0.724845
2023-11-27,0.709577
2023-11-28,0.709577
2023-11-29,0.709577
2023-11-30,0.709577
2023-12-01,0.694539
2023-12-03,0.694539
2023-12-04,0.709577
2023-12-05,0.709577
2023-12-06,0.709577
2023-12-07,0.679724
2023-12-08,0.679724
2023-12-10,0.679724
2023-12-11,0.679724
2023-12-12,0.679724
2023-12-13,0.679724
2023-12-14,0.679724
2023-12-15,0.679724
2023-12-17,0.679724
2023-12-18,0.665125
2023-12-19,0.665125
2023-12-20,0.665125
2023-12-21,0.679724
2023-12-22,0.679724
2023-12-25,0.679724
2023-12-26,0.679724
2023-12-27,0.679724
2023-12-28,0.679724
2023-12-29,0.679724
2024-01-01,0.679724
2024-01-02,0.679724
2024-01-03,0.665125
2024-01-04,0.665125
2024-01-05,0.665125
2024-01-07,0.650310
2024-01-08,0.665125
2024-01-09,0.665125
2024-01-10,0.650310
2024-01-11,0.650310
2024-01-12,0.665125
2024-01-14,0.665125
2024-01-15,0.650310
2024-01-16,0.650310
2024-01-17,0.635272
2024-01-18,0.635272
2024-01-19,0.635272
2024-01-21,0.635272
2024-01-22,0.635272
2024-01-23,0.635272
2024-01-24,0.635272
2024-01-25,0.635272
2024-01-26,0.635272
2024-01-28,0.635272
2024-01-29,0.635272
2024-01-30,0.635272
2024-01-31,0.635272
2024-02-01,0.635272
2024-02-02,0.635272
2024-02-04,0.635272
2024-02-05,0.635272
2024-02-06,0.635272
2024-02-07,0.635272
2024-02-08,0.635272
2024-02-09,0.635272
2024-02-11,0.635272
2024-02-12,0.635272
2024-02-13,0.635272
2024-02-14,0.635272
2024-02-15,0.635272
2024-02-16,0.635272
2024-02-18,0.635272
2024-02-19,0.635272
2024-02-20,0.635272
2024-02-21,0.635272
2024-02-22,0.635272
2024-02-23,0.635272
2024-02-25,0.635272
2024-02-26,0.635272
2024-02-27,0.635272
2024-02-28,0.635272
2024-02-29,0.635272
2024-03-01,0.635272
2024-03-03,0.635272
2024-03-04,0.635272
2024-03-05,0.635272
2024-03-06,0.635272
2024-03-07,0.635272
2024-03-08,0.635272
2024-03-10,0.635272
2024-03-11,0.620235
2024-03-12,0.635272
2024-03-13,0.635272
2024-03-14,0.635272
2024-03-15,0.650540
2024-03-17,0.650540
2024-03-18,0.650540
2024-03-19,0.650540
2024-03-20,0.650540
2024-03-21,0.666044
2024-03-22,0.650540
2024-03-24,0.650540
2024-03-25,0.650540
2024-03-26,0.666044
2024-03-27,0.650540
2024-03-28,0.666044
2024-03-31,0.666044
2024-04-01,0.666044
2024-04-02,0.666044
2024-04-03,0.666044
2024-04-04,0.666044
2024-04-05,0.666044
2024-04-07,0.666044
2024-04-08,0.666044
2024-04-09,0.666044
2024-04-10,0.666044
2024-04-11,0.666044
2024-04-12,0.666044
2024-04-14,0.666044
2024-04-15,0.681793
2024-04-16,0.681793
2024-04-17,0.681793
2024-04-18,0.681793
2024-04-19,0.681793
2024-04-21,0.681793
2024-04-22,0.681793
2024-04-23,0.681793
2024-04-24,0.681793
2024-04-25,0.681793
2024-04-26,0.730583
2024-04-28,0.730583
2024-04-29,0.714053
2024-04-30,0.714053
2024-05-01,0.714053
2024-05-02,0.681793
2024-05-03,0.681793
2024-05-05,0.697793
2024-05-06,0.697793
2024-05-07,0.697793
2024-05-08,0.697793
2024-05-09,0.697793
2024-05-10,0.714053
2024-05-13,0.714053
2024-05-14,0.714053
2024-05-15,0.697793
2024-05-16,0.697793
2024-05-17,0.697793
2024-05-19,0.697793
2024-05-20,0.714053
2024-05-21,0.714053
2024-05-22,0.714053
2024-05-23,0.714053
2024-05-24,0.714053
2024-05-26,0.714053
2024-05-27,0.714053
2024-05-28,0.714053
2024-05-29,0.714053
2024-05-30,0.714053
2024-05-31,0.714053
2024-06-02,0.714053
2024-06-03,0.714053
2024-06-04,0.697793
2024-06-05,0.714053
2024-06-06,0.714053
2024-06-07,0.714053
2024-06-09,0.714053
2024-06-10,0.714053
2024-06-11,0.714053
2024-06-12,0.714053
2024-06-13,0.714053
2024-06-14,0.714053
2024-06-16,0.714053
2024-06-17,0.730583
2024-06-18,0.714053
2024-06-19,0.714053
2024-06-20,0.730583
2024-06-21,0.730583
2024-06-23,0.730583
2024-06-24,0.730583
2024-06-25,0.730583
2024-06-26,0.730583
2024-06-27,0.747390
2024-06-28,0.747390
2024-06-30,0.747390
2024-07-01,0.747390
2024-07-02,0.747390
2024-07-03,0.747390
2024-07-04,0.747390
2024-07-05,0.747390
2024-07-07,0.747390
2024-07-08,0.747390
2024-07-09,0.747390
2024-07-10,0.747390
2024-07-11,0.714053
2024-07-12,0.697793
2024-07-15,0.697793
2024-07-16,0.697793
2024-07-17,0.681793
2024-07-18,0.697793
2024-07-19,0.697793
2024-07-21,0.697793
2024-07-22,0.697793
2024-07-23,0.697793
2024-07-24,0.697793
2024-07-25,0.697793
2024-07-26,0.697793
2024-07-29,0.697793
2024-07-30,0.697793
2024-07-31,0.713297
2024-08-01,0.728565
2024-08-02,0.743602
2024-08-04,0.743602
2024-08-05,0.743602
2024-08-06,0.758417
2024-08-07,0.743602
2024-08-08,0.728565
2024-08-09,0.743602
2024-08-11,0.728565
2024-08-12,0.728565
2024-08-13,0.728565
2024-08-14,0.728565
2024-08-15,0.713297
2024-08-16,0.728565
2024-08-19,0.743602
2024-08-20,0.743602
2024-08-21,0.743602
2024-08-22,0.743602
2024-08-23,0.758417
2024-08-25,0.758417
2024-08-26,0.758417
2024-08-27,0.758417
2024-08-28,0.758417
2024-08-29,0.758417
2024-08-30,0.743602
2024-09-01,0.743602
2024-09-02,0.743602
2024-09-03,0.743602
2024-09-04,0.758417
2024-09-05,0.758417
2024-09-06,0.773016
2024-09-08,0.773016
2024-09-09,0.758417
2024-09-10,0.773016
2024-09-11,0.758417
2024-09-12,0.773016
2024-09-13,0.773016
2024-09-15,0.773016
2024-09-16,0.773016
2024-09-17,0.773016
2024-09-18,0.773016
2024-09-19,0.773016
2024-09-20,0.758417
2024-09-22,0.758417
2024-09-23,0.758417
2024-09-24,0.758417
2024-09-25,0.758417
2024-09-26,0.743602
2024-09-27,0.773016
2024-09-29,0.773016
2024-09-30,0.758417
2024-10-01,0.758417
2024-10-02,0.743602
2024-10-03,0.743602
2024-10-04,0.728565
2024-10-06,0.728565
2024-10-07,0.728565
2024-10-08,0.728565
2024-10-09,0.713297
2024-10-10,0.728565
2024-10-11,0.728565
2024-10-13,0.728565
2024-10-14,0.728565
2024-10-15,0.728565
2024-10-16,0.728565
2024-10-17,0.728565
2024-10-18,0.728565
2024-10-20,0.728565
2024-10-21,0.728565
2024-10-22,0.728565
2024-10-23,0.728565
2024-10-24,0.728565
2024-10-25,0.728565
2024-10-27,0.728565
2024-10-28,0.728565
2024-10-29,0.728565
2024-10-30,0.728565
2024-10-31,0.728565
2024-11-01,0.728565
2024-11-03,0.728565
2024-11-04,0.728565
2024-11-05,0.728565
2024-11-06,0.744313
2024-11-07,0.728565
2024-11-08,0.728565
2024-11-11,0.744313
2024-11-12,0.744313
2024-11-13,0.744313
2024-11-14,0.760313
2024-11-15,0.744313
2024-11-18,0.744313
2024-11-19,0.744313
2024-11-20,0.744313
2024-11-21,0.744313
2024-11-22,0.744313
2024-11-24,0.744313
2024-11-25,0.744313
2024-11-26,0.728565
2024-11-27,0.713060
2024-11-28,0.713060
2024-11-29,0.713060
2024-12-01,0.713060
2024-12-02,0.713060
2024-12-03,0.713060
2024-12-04,0.713060
2024-12-05,0.713060
2024-12-06,0.713060
2024-12-08,0.713060
2024-12-09,0.728565
2024-12-10,0.728565
2024-12-11,0.728565
2024-12-12,0.728565
2024-12-13,0.744313
2024-12-15,0.744313
2024-12-16,0.744313
2024-12-17,0.728565
2024-12-18,0.744313
2024-12-19,0.760313
2024-12-20,0.760313
2024-12-22,0.760313
2024-12-23,0.760313
2024-12-24,0.760313
2024-12-25,0.760313
2024-12-26,0.760313
2024-12-27,0.760313
2024-12-29,0.760313
2024-12-30,0.760313
2024-12-31,0.760313
2025-01-01,0.760313
2025-01-02,0.760313
2025-01-03,0.760313
2025-01-05,0.760313
2025-01-06,0.760313
2025-01-07,0.760313
2025-01-08,0.760313
2025-01-09,0.760313
2025-01-10,0.760313
2025-01-13,0.760313
2025-01-14,0.760313
2025-01-15,0.760313
2025-01-16,0.760313
2025-01-17,0.760313
2025-01-19,0.776314
2025-01-20,0.760313
2025-01-21,0.760313
2025-01-22,0.776314
2025-01-23,0.776314
2025-01-24,0.776314
2025-01-26,0.776314
2025-01-27,0.776314
2025-01-28,0.776314
2025-01-29,0.776314
2025-01-30,0.776314
2025-01-31,0.776314
2025-02-02,0.776314
2025-02-03,0.776314
2025-02-04,0.776314
2025-02-05,0.776314
2025-02-06,0.760809
2025-02-07,0.776314
2025-02-09,0.776314
2025-02-10,0.776314
2025-02-11,0.776314
2025-02-12,0.792062
2025-02-13,0.792062
2025-02-14,0.792062
2025-02-16,0.792062
2025-02-17,0.792062
2025-02-18,0.792062
2025-02-19,0.792062
2025-02-20,0.792062
2025-02-21,0.792062
2025-02-23,0.792062
2025-02-24,0.792062
2025-02-25,0.807329
2025-02-26,0.807329
2025-02-27,0.792062
2025-02-28,0.792062
2025-03-02,0.792062
2025-03-03,0.792062
2025-03-04,0.792062
2025-03-05,0.807329
2025-03-06,0.807329
2025-03-07,0.807329
2025-03-09,0.807329
2025-03-10,0.807329
2025-03-11,0.807329
2025-03-12,0.807329
2025-03-13,0.807329
2025-03-14,0.807329
2025-03-16,0.807329
2025-03-17,0.807329
2025-03-18,0.792062
2025-03-19,0.807329
2025-03-20,0.807329
2025-03-21,0.792062
2025-03-23,0.792062
2025-03-24,0.792062
2025-03-25,0.792062
2025-03-26,0.792062
2025-03-27,0.792062
2025-03-28,0.792062
2025-03-30,0.792062
2025-03-31,0.792062
2025-04-01,0.792062
2025-04-02,0.807329
2025-04-03,0.822367
2025-04-04,0.807329
2025-04-06,0.822367
2025-04-07,0.807329
2025-04-08,0.822367
2025-04-09,0.807329
2025-04-10,0.837182
2025-04-11,0.837182
2025-04-13,0.837182
2025-04-14,0.837182
2025-04-15,0.837182
2025-04-16,0.851781
2025-04-17,0.851781
2025-04-20,0.851781
2025-04-21,0.866170
2025-04-22,0.851781
2025-04-23,0.837182
2025-04-24,0.851781
2025-04-25,0.837182
2025-04-27,0.837182
2025-04-28,0.851781
2025-04-29,0.851781
2025-04-30,0.837182
2025-05-01,0.822367
2025-05-02,0.822367
2025-05-04,0.822367
2025-05-05,0.837182
2025-05-06,0.837182
2025-05-07,0.837182
2025-05-08,0.822367
2025-05-09,0.822367
2025-05-11,0.822367
2025-05-12,0.807329
2025-05-13,0.807329
2025-05-14,0.822367
2025-05-15,0.822367
2025-05-16,0.822367
2025-05-18,0.822367
2025-05-19,0.822367
2025-05-20,0.837182
2025-05-21,0.837182
2025-05-22,0.837182
2025-05-23,0.851781
2025-05-25,0.851781
2025-05-26,0.851781
2025-05-27,0.837182
2025-05-28,0.822367
2025-05-29,0.837182
2025-05-30,0.837182
2025-06-01,0.837182
2025-06-02,0.851781
2025-06-03,0.837182
2025-06-04,0.837182
2025-06-05,0.837182
2025-06-06,0.822367
2025-06-08,0.837182
2025-06-09,0.837182
2025-06-10,0.822367
2025-06-11,0.837182
2025-06-12,0.837182
2025-06-13,0.837182
2025-06-15,0.822367
2025-06-16,0.837182
2025-06-17,0.822367
2025-06-18,0.837182
2025-06-19,0.822367
2025-06-20,0.822367
2025-06-22,0.822367
2025-06-23,0.822367
2025-06-24,0.822367
2025-06-25,0.822367
2025-06-26,0.822367
2025-06-27,0.822367
2025-06-29,0.822367
2025-06-30,0.822367
2025-07-01,0.822367
2025-07-02,0.822367
2025-07-03,0.807552
2025-07-04,0.807552
2025-07-06,0.807552
2025-07-07,0.792737
2025-07-08,0.792737
2025-07-09,0.792737
2025-07-10,0.792737
2025-07-11,0.777699
2025-07-13,0.777699
2025-07-14,0.777699
2025-07-15,0.777699
2025-07-16,0.777699
2025-07-17,0.777699
2025-07-18,0.777699
2025-07-21,0.777699
2025-07-22,0.762661
2025-07-23,0.762661
2025-07-24,0.762661
2025-07-25,0.777699
2025-07-27,0.777699
2025-07-28,0.777699
2025-07-29,0.777699
2025-07-30,0.777699
2025-07-31,0.777699
2025-08-01,0.732579
2025-08-03,0.732579
2025-08-04,0.732579
2025-08-05,0.732579
2025-08-06,0.732579
2025-08-07,0.732579
2025-08-08,0.732579
2025-08-11,0.732579
2025-08-12,0.732579
2025-08-13,0.732579
2025-08-14,0.732579
2025-08-15,0.732579
2025-08-17,0.732579
2025-08-18,0.732579
2025-08-19,0.732579
2025-08-20,0.732579
2025-08-21,0.717764
2025-08-22,0.732579
2025-08-24,0.732579
2025-08-25,0.732579
2025-08-26,0.732579
2025-08-27,0.732579
2025-08-28,0.732579
2025-08-29,0.732579
2025-08-31,0.732579
2025-09-01,0.732579
2025-09-02,0.717764
2025-09-03,0.717764
2025-09-04,0.717764
2025-09-05,0.732579
2025-09-07,0.717764
2025-09-08,0.732579
2025-09-09,0.732579
2025-09-10,0.732579
2025-09-11,0.732579
2025-09-12,0.732579
2025-09-14,0.732579
2025-09-15,0.732579
2025-09-16,0.732579
2025-09-17,0.732579
2025-09-18,0.732579
2025-09-19,0.732579
2025-09-21,0.717764
2025-09-22,0.732579
2025-09-23,0.732579
2025-09-24,0.717764
2025-09-25,0.717764
2025-09-26,0.717764
2025-09-28,0.717764
2025-09-29,0.717764
2025-09-30,0.732579
2025-10-01,0.732579
2025-10-02,0.732579
2025-10-03,0.732579
2025-10-05,0.717764
2025-10-06,0.702726
2025-10-07,0.702726
2025-10-08,0.687458
2025-10-09,0.687458
2025-10-10,0.687458
2025-10-12,0.687458
2025-10-13,0.687458
2025-10-14,0.687458
2025-10-15,0.687458
2025-10-16,0.672420
2025-10-17,0.687458
2025-10-19,0.687458
2025-10-20,0.687458
2025-10-21,0.687458
2025-10-22,0.687458
2025-10-23,0.687458
2025-10-24,0.702726
2025-10-26,0.702726
2025-10-27,0.702726
2025-10-28,0.687458
2025-10-29,0.702726
2025-10-30,0.702726
2025-10-31,0.702726
2025-11-02,0.702726
2025-11-03,0.702726
2025-11-04,0.702726
2025-11-05,0.702726
2025-11-06,0.702726
2025-11-07,0.702726
2025-11-09,0.702726
2025-11-10,0.702726
2025-11-11,0.702726
2025-11-12,0.718230
2025-11-13,0.702726
2025-11-14,0.702726
2025-11-17,0.718230
2025-11-18,0.718230
2025-11-19,0.718230
2025-11-20,0.733978
2025-11-21,0.718230
2025-11-23,0.718230
2025-11-24,0.718230
2025-11-25,0.718230
2025-11-26,0.718230
2025-11-27,0.718230
2025-11-28,0.718230
2025-11-30,0.718230
2025-12-01,0.718230
2025-12-02,0.718230
2025-12-03,0.718230
2025-12-04,0.718230
2025-12-05,0.718230
2025-12-07,0.718230
2025-12-08,0.718230
2025-12-09,0.718230
2025-12-10,0.718230
2025-12-11,0.718230
2025-12-12,0.718230
2025-12-14,0.718230
2025-12-15,0.718230
2025-12-16,0.718230
2025-12-17,0.733734
2025-12-18,0.733734
2025-12-19,0.749483
2025-12-21,0.749483
2025-12-22,0.749483
2025-12-23,0.749483
2025-12-24,0.749483
2025-12-25,0.749483
2025-12-26,0.749483
2025-12-28,0.749483
2025-12-29,0.749483
2025-12-30,0.749483
2025-12-31,0.749483
2026-01-02,0.749483
2026-01-04,0.749483
2026-01-05,0.749483
2026-01-06,0.749483
2026-01-07,0.749483
2026-01-08,0.749483
2026-01-09,0.765483
2026-01-11,0.765483
2026-01-12,0.765483
2026-01-13,0.765483
2026-01-14,0.765483
2026-01-15,0.765483
2026-01-16,0.765483
2026-01-18,0.749483
2026-01-19,0.765483
2026-01-20,0.765483
2026-01-21,0.765483
2026-01-22,0.765483
2026-01-23,0.733734
2026-01-25,0.718230
2026-01-26,0.718230
2026-01-27,0.702963
2026-01-28,0.718230
2026-01-29,0.718230
2026-01-30,0.718230
2026-02-01,0.718230
2026-02-02,0.718230
2026-02-03,0.718230
2026-02-04,0.718230
2026-02-05,0.718230
2026-02-06,0.718230
2026-02-08,0.718230
2026-02-09,0.718230
2026-02-10,0.718230
2026-02-11,0.718230
2026-02-12,0.718230
2026-02-13,0.718230
2026-02-15,0.733497
2026-02-16,0.718230
2026-02-17,0.718230
2026-02-18,0.718230
2026-02-19,0.718230
2026-02-20,0.718230
2026-02-22,0.718230
2026-02-23,0.718230
2026-02-24,0.702726
2026-02-25,0.702726
2026-02-26,0.702726
2026-02-27,0.702726
2026-03-01,0.702726
2026-03-02,0.702726
2026-03-03,0.686977
2026-03-04,0.702726
2026-03-05,0.702726
2026-03-06,0.686977
2026-03-08,0.686977
